title,r_psp_MMGBSA_dG_Bind,r_psp_MMGBSA_dG_Bind_Coulomb,r_psp_MMGBSA_dG_Bind_Covalent,r_psp_MMGBSA_dG_Bind_Hbond,r_psp_MMGBSA_dG_Bind_Lipo,r_psp_MMGBSA_dG_Bind_Packing,r_psp_MMGBSA_dG_Bind_SelfCont,r_psp_MMGBSA_dG_Bind_Solv_GB,r_psp_MMGBSA_dG_Bind_Solv_SA,r_psp_MMGBSA_dG_Bind_vdW,r_psp_Lig_Strain_Energy,r_psp_Lig_Strain_Coulomb,r_psp_Lig_Strain_Covalent,r_psp_Lig_Strain_Hbond,r_psp_Lig_Strain_Lipo,r_psp_Lig_Strain_Packing,r_psp_Lig_Strain_SelfCont,r_psp_Lig_Strain_Solv_GB,r_psp_Lig_Strain_Solv_SA,r_psp_Lig_Strain_vdW,r_psp_Ligand_Energy,r_psp_Ligand_Coulomb,r_psp_Ligand_Covalent,r_psp_Ligand_Hbond,r_psp_Ligand_Lipo,r_psp_Ligand_Packing,r_psp_Ligand_SelfCont,r_psp_Ligand_Solv_GB,r_psp_Ligand_Solv_SA,r_psp_Ligand_vdW,r_psp_Complex_Energy,r_psp_Complex_Coulomb,r_psp_Complex_Covalent,r_psp_Complex_Hbond,r_psp_Complex_Lipo,r_psp_Complex_Packing,r_psp_Complex_SelfCont,r_psp_Complex_Solv_GB,r_psp_Complex_Solv_SA,r_psp_Complex_vdW,r_psp_Ligand_Energy,r_psp_Ligand_Coulomb,r_psp_Ligand_Covalent,r_psp_Ligand_Hbond,r_psp_Ligand_Lipo,r_psp_Ligand_Packing,r_psp_Ligand_SelfCont,r_psp_Ligand_Solv_GB,r_psp_Ligand_Solv_SA,r_psp_Ligand_vdW,r_psp_Receptor_Energy,r_psp_Receptor_Coulomb,r_psp_Receptor_Covalent,r_psp_Receptor_Hbond,r_psp_Receptor_Lipo,r_psp_Receptor_Packing,r_psp_Receptor_SelfCont,r_psp_Receptor_Solv_GB,r_psp_Receptor_Solv_SA,r_psp_Receptor_vdW,r_psp_MMGBSA_dG_Bind(NS),r_psp_MMGBSA_dG_Bind(NS)_Coulomb,r_psp_MMGBSA_dG_Bind(NS)_Covalent,r_psp_MMGBSA_dG_Bind(NS)_Hbond,r_psp_MMGBSA_dG_Bind(NS)_Lipo,r_psp_MMGBSA_dG_Bind(NS)_Packing,r_psp_MMGBSA_dG_Bind(NS)_SelfCont,r_psp_MMGBSA_dG_Bind(NS)_Solv_GB,r_psp_MMGBSA_dG_Bind(NS)_Solv_SA,r_psp_MMGBSA_dG_Bind(NS)_vdW,r_psp_Rec_Strain_Energy,r_psp_Rec_Strain_Coulomb,r_psp_Rec_Strain_Covalent,r_psp_Rec_Strain_Hbond,r_psp_Rec_Strain_Lipo,r_psp_Rec_Strain_Packing,r_psp_Rec_Strain_SelfCont,r_psp_Rec_Strain_Solv_GB,r_psp_Rec_Strain_Solv_SA,r_psp_Rec_Strain_vdW,r_psp_Prime_MMGBSA_ligand_efficiency,r_psp_Prime_MMGBSA_ligand_efficiency_sa,r_psp_Prime_MMGBSA_ligand_efficiency_ln
3D5Q 3D5Q - minimized,-128.654538030118,-82.9115057259478,12.0422989855397,-12.8523912375232,-19.4523649476406,-5.40328956426498,0.0,56.1810266208654,,-76.2583121611456,22.0359627958071,17.0279043468517,12.0422989855417,0.0,1.39762434903481,0.0,0.0,-15.6358620713196,,7.20399718569856,-241.295582334473,-98.924474903705,25.1492040177069,0.0,-3.58732065091882,0.0,0.0,-175.788813596857,,11.8558227993019,-8556.84625723511,-8703.16965917611,4140.30639709969,-162.637519175548,-609.229330329215,-12.7099570883459,-12.6854555820632,-2702.11935670931,,-494.601376274195,-241.295582334473,-98.924474903705,25.1492040177069,0.0,-3.58732065091882,0.0,0.0,-175.788813596857,,11.8558227993019,-8186.89613687051,-8521.33367854646,4103.11489409644,-149.785127938025,-586.189644730655,-7.30666752408097,-12.6854555820632,-2582.51156973332,,-430.198886912351,-150.690500825925,-99.9394100727986,-1.81898940354586e-12,-12.8523912375232,-20.8499892966754,-5.40328956426498,0.0,71.8168886921849,,-83.4623093468442,0.0,0.0,0.0,0.0,0.0,0.0,0.0,0.0,,0.0,-2.68030287562745,-4.02045431344118,-26.41125622655
3D5Q 3D5Q - minimized,-124.570942454615,-67.7756617939795,17.5390788453487,-14.4709723892499,-17.9529470148233,-5.41813888759273,0.0,35.1076980784428,,-71.5999992927569,29.8564791261489,17.6605994387096,17.5390788453469,0.0,2.38761660822238,0.0,0.0,-17.9596614437356,,10.2288456776055,-241.885416119695,-100.38406987331,26.4862672859784,0.0,-4.44663669755284,0.0,0.0,-174.253857590877,,10.7128807560676,-8651.96347655824,-8747.27556343601,4137.07494200909,-158.271938727187,-592.740242799768,-13.0331433739636,-15.5844681082821,-2627.8523585483,,-634.280703573832,-241.885416119695,-100.38406987331,26.4862672859784,0.0,-4.44663669755284,0.0,0.0,-174.253857590877,,10.7128807560676,-8285.50711798393,-8579.11583176871,4093.04959587776,-143.800966337937,-570.340659087392,-7.61500448637085,-15.5844681082821,-2488.70619903586,,-573.393585037143,-154.427421580764,-85.4362612326895,1.36424205265939e-12,-14.4709723892499,-20.3405636230457,-5.41813888759273,0.0,53.0673595221783,,-81.8288449703625,0.0,0.0,0.0,0.0,0.0,0.0,0.0,0.0,,0.0,-2.59522796780448,-3.89284195170671,-25.5729423145684
3D5Q 3D5Q - minimized,-118.241758035903,-36.8229514197228,5.53197990561057,-12.8557320522748,-15.8998938987097,-4.7111644158941,0.0,12.6503735181373,,-66.1343696730453,8.55173507839396,8.94114891020001,5.53197990560989,0.0,1.45402700851205,0.0,0.0,-13.5922479262906,,6.21682718036266,-230.372702066385,-92.208663001583,33.4553899656697,0.0,-3.49253608640224,0.0,0.0,-180.948531399843,,12.8216384557726,-8664.9200055818,-8840.44659625555,4093.8460201796,-163.079800354642,-591.012542137655,-14.8639161924547,-10.958727828317,-2632.60999360923,,-505.794449383562,-230.372702066385,-92.208663001583,33.4553899656697,0.0,-3.49253608640224,0.0,0.0,-180.948531399843,,12.8216384557726,-8316.30554547951,-8711.41498183424,4054.85865030832,-150.224068302367,-571.620112152543,-10.1527517765606,-10.958727828317,-2464.31183572752,,-452.481718166289,-126.793493114297,-45.7641003299232,9.09494701772928e-13,-12.8557320522748,-17.3539209072217,-4.7111644158941,0.0,26.2426214444281,,-72.3511968534079,0.0,0.0,0.0,0.0,0.0,0.0,0.0,0.0,,0.0,-2.46336995908132,-3.69505493862198,-24.2736355513002
3D5Q 3D5Q - minimized,-104.677369227255,-68.785348283056,13.3372906108852,-12.1336532750134,-15.7342353713685,-5.0073420375857,0.0,46.2121956594374,,-62.56627653055,19.6030214080428,11.568657808932,13.3372906108836,0.0,1.20720834609711,0.0,0.0,-12.9269931163477,,6.41685775847798,-236.291519590697,-94.5547561762813,28.4713283935664,0.0,-3.42904566844111,0.0,0.0,-177.245948564515,,10.466902424974,-8668.4760473437,-8670.49640908549,4167.90466393505,-155.266362331155,-584.351316541188,-12.883791195473,-10.8688836591172,-2709.92223323224,,-692.591715234095,-236.291519590697,-94.5547561762813,28.4713283935664,0.0,-3.42904566844111,0.0,0.0,-177.245948564515,,10.466902424974,-8327.50715852575,-8507.15630462615,4126.0960449306,-143.132709056142,-565.188035501378,-7.87644915788733,-10.8688836591172,-2578.88848032716,,-640.492341128519,-124.280390635298,-80.3540060919877,1.81898940354586e-12,-12.1336532750134,-16.9414437174656,-5.0073420375857,0.0,59.139188775785,,-68.9831342890279,0.0,0.0,0.0,0.0,0.0,0.0,0.0,0.0,,0.0,-2.1807785255678,-3.2711677883517,-21.4890268319568
3D5Q 3D5Q - minimized,-109.032806149387,-108.101630907124,10.8798552756502,-9.94008690682605,-14.5471924774801,-4.28840106718509,0.0,95.4648246287747,,-78.5001746952007,23.0742109772702,8.37505452969171,10.879855275652,0.0,1.10561515144872,0.0,0.0,-4.17575216287582,,6.88943818335345,-244.849447874885,-87.9110136235681,22.8990883806445,0.0,-3.44800419078262,0.0,0.0,-184.243027236259,,7.85350879507952,-8635.69598197622,-8824.69479250479,4080.74164793376,-151.567422666305,-576.497777721697,-12.0953379119075,-10.7096341533885,-2557.2627319543,,-583.609932997595,-244.849447874885,-87.9110136235681,22.8990883806445,0.0,-3.44800419078262,0.0,0.0,-184.243027236259,,7.85350879507952,-8281.81372795195,-8628.6821479741,4046.96270427747,-141.627335759479,-558.502581053435,-7.80693684472243,-10.7096341533885,-2468.48452934682,,-512.963267097474,-132.107017126658,-116.476685436815,-1.81898940354586e-12,-9.94008690682605,-15.6528076289288,-4.28840106718509,0.0,99.6405767916508,,-85.3896128785542,0.0,0.0,0.0,0.0,0.0,0.0,0.0,0.0,,0.0,-2.2715167947789,-3.40727519216836,-22.383146559798
3D5Q 3D5Q - minimized,-127.087771151051,-72.8899047657487,9.75508524964425,-10.5000207094611,-17.3431537972859,-5.26344484448668,0.0,47.497475779775,,-78.3438080634853,8.47886567844785,0.00199951493949868,9.7550852496446,0.0,0.139244835817294,0.0,0.0,-6.26914736439858,,4.85168344244509,-230.062812033855,-84.5614183407505,26.8382332142485,0.0,-2.57724127734403,0.0,0.0,-179.96948283558,,10.2070972055708,-8611.86211827041,-8722.28484273788,4134.1515192776,-150.827098717853,-592.593271578128,-14.851045336096,-6.56933428435423,-2658.01512256297,,-600.872922330722,-230.062812033855,-84.5614183407505,26.8382332142485,0.0,-2.57724127734403,0.0,0.0,-179.96948283558,,10.2070972055708,-8254.7115350855,-8564.83351963138,4097.55820081371,-140.327078008392,-572.672876503498,-9.58760049160933,-6.56933428435423,-2525.54311550716,,-532.736211472807,-135.566636829499,-72.8919042806883,-9.09494701772928e-13,-10.5000207094611,-17.4823986331032,-5.26344484448668,0.0,53.7666231441735,,-83.1954915059304,0.0,0.0,0.0,0.0,0.0,0.0,0.0,0.0,,0.0,-2.64766189898023,-3.97149284847035,-26.0896175022276
3D5Q 3D5Q - minimized,-109.704099649618,-120.631252019155,10.096444157145,-10.9132338817885,-16.0106470444822,-4.16613021266927,0.0,96.8711301637036,,-64.9504108123829,12.7540270335923,6.54098073882618,10.0964441571455,0.0,-0.0977843008046526,0.0,0.0,-8.0570474450019,,4.27143388342665,-231.530430528939,-90.5631365613518,27.5518313920384,0.0,-2.0425760992716,0.0,0.0,-180.605150929398,,14.1286016690446,-8583.60398184141,-8613.98817419047,4121.65056354166,-148.208653456257,-585.2159987476,-16.1552657159488,-8.54081051245943,-2715.74602754753,,-617.399615212813,-231.530430528939,-90.5631365613518,27.5518313920384,0.0,-2.0425760992716,0.0,0.0,-180.605150929398,,14.1286016690446,-8242.36945166285,-8402.79378560996,4084.00228799248,-137.295419574468,-567.162775603847,-11.9891355032795,-8.54081051245943,-2632.01200678183,,-566.577806069474,-122.45812668321,-127.172232757981,-4.54747350886464e-13,-10.9132338817885,-15.9128627436776,-4.16613021266927,0.0,104.928177608705,,-69.2218446958095,0.0,0.0,0.0,0.0,0.0,0.0,0.0,0.0,,0.0,-2.28550207603371,-3.42825311405056,-22.520955182092
3D5Q 3D5Q - minimized,-111.353345336764,-73.7605906036406,10.3110822968911,-10.3525049927331,-14.1115283134604,-5.03498284310846,0.0,63.8939919248164,,-82.2988128055275,11.9902251752881,4.9930611260676,10.3110822968925,0.0,0.695730363005619,0.0,0.0,-5.30603802105827,,1.29638941038077,-233.621663361693,-86.9926883767842,26.7691206374462,0.0,-3.02024974956831,0.0,0.0,-182.438239820765,,12.0603939479783,-8558.63963054041,-8766.03732321171,4239.10339459291,-152.857530448707,-585.496532379351,-14.0873803159108,-18.8866631901751,-2625.59506940482,,-634.782526182642,-233.621663361693,-86.9926883767842,26.7691206374462,0.0,-3.02024974956831,0.0,0.0,-182.438239820765,,12.0603939479783,-8213.66462184195,-8605.28404423129,4202.02319165857,-142.505025455973,-568.364754316323,-9.05239747280238,-18.8866631901751,-2507.05082150887,,-564.544107325093,-123.343570512052,-78.7536517297085,-9.09494701772928e-13,-10.3525049927331,-14.8072586764661,-5.03498284310846,0.0,69.200029945875,,-83.5952022159082,0.0,0.0,0.0,0.0,0.0,0.0,0.0,0.0,,0.0,-2.31986136118257,-3.47979204177386,-22.8595258309839
3D5Q 3D5Q - minimized,-113.636163845906,-24.7421989175,11.3723507315844,-10.805068708581,-16.1144246146199,-5.4430719292289,0.0,15.0277003396222,,-82.9314507471855,15.3055128127936,4.19866479780221,11.3723507315868,0.0,0.219337625482032,0.0,0.0,-1.10959513177443,,0.624754789696921,-237.994161113532,-85.499195355366,22.4327636129133,0.0,-2.38630343556479,0.0,0.0,-188.05797621945,,15.5165502839362,-8599.233346799,-8548.22491686389,4146.77775661896,-155.859627385014,-572.969790117472,-19.3386594722117,-11.5298112928149,-2843.61798280653,,-594.470315480032,-237.994161113532,-85.499195355366,22.4327636129133,0.0,-2.38630343556479,0.0,0.0,-188.05797621945,,15.5165502839362,-8247.60302183957,-8437.98352259102,4112.97264227447,-145.054558676433,-554.469062067287,-13.8955875429828,-11.5298112928149,-2670.58770692671,,-527.055415016783,-128.941676658698,-28.940863715301,-1.81898940354586e-12,-10.805068708581,-16.3337622401019,-5.4430719292289,0.0,16.137295471397,,-83.5562055368824,0.0,0.0,0.0,0.0,0.0,0.0,0.0,0.0,,0.0,-2.36742008012303,-3.55113012018455,-23.3281614927088
3D5Q 3D5Q - minimized,-106.456738386329,-153.637697154249,14.7893027099317,-11.0190990737564,-17.1865665987303,-4.5537671192459,0.0,136.617176358329,,-71.4660875086061,20.9116734936941,6.11136314838288,14.7893027099334,0.0,0.0685973743425787,0.0,0.0,-3.3120309651855,,3.25444122622058,-236.889256034397,-87.9639575900513,25.1114893449711,0.0,-2.37197206013911,0.0,0.0,-187.718516617143,,16.0537008879654,-8597.94510339421,-8837.5561420107,4200.99691270951,-148.863364928315,-589.875542020241,-14.3669681243816,-11.0170785701531,-2547.29319821179,,-649.969722238141,-236.889256034397,-87.9639575900513,25.1114893449711,0.0,-2.37197206013911,0.0,0.0,-187.718516617143,,16.0537008879654,-8254.59910897348,-8595.9544872664,4161.09612065461,-137.844265854559,-570.317003361372,-9.81320100513571,-11.0170785701531,-2496.19185795297,,-594.5573356175,-127.368411880023,-159.749060302631,-1.81898940354586e-12,-11.0190990737564,-17.255163973073,-4.5537671192459,0.0,139.929207323515,,-74.7205287348266,0.0,0.0,0.0,0.0,0.0,0.0,0.0,0.0,,0.0,-2.21784871638185,-3.32677307457277,-21.8543102918447
3D5Q 3D5Q - minimized,-89.1944931999196,-78.4353608501606,18.0953293972871,-11.8822834560511,-17.5119346657696,-2.87689835761504,0.0,70.2211575692922,,-66.8045028369056,33.878006768625,15.410854963968,18.0953293972851,0.0,1.00413934517199,0.0,0.0,-9.70914685552771,,9.07682991772762,-246.578613142389,-94.1253788832815,24.3269337551404,0.0,-3.46899693742421,0.0,0.0,-183.209446626638,,9.89827554981443,-8479.68068737163,-8659.73045523906,4189.75058077149,-160.626517906081,-591.679001572405,-15.699793951463,-16.345006069894,-2722.04420685007,,-503.306286554158,-246.578613142389,-94.1253788832815,24.3269337551404,0.0,-3.46899693742421,0.0,0.0,-183.209446626638,,9.89827554981443,-8143.90758102933,-8487.16971550562,4147.32831761907,-148.74423445003,-570.698069969211,-12.8228955938479,-16.345006069894,-2609.05591779272,,-446.400059267067,-123.072499968544,-93.8462158141283,1.81898940354586e-12,-11.8822834560511,-18.5160740109416,-2.87689835761504,0.0,79.93030442482,,-75.8813327546331,0.0,0.0,0.0,0.0,0.0,0.0,0.0,0.0,,0.0,-1.85821860833166,-2.78732791249749,-18.3105753591753
3D5Q 3D5Q - minimized,-104.039889106161,-107.858364240617,18.3887311865001,-9.25417401295968,-18.0443470962858,-4.1000993952504,0.0,94.9832576303484,,-78.1548931778974,20.2198088419978,-6.93813135215926,18.3887311865015,0.0,-0.178299726583591,0.0,0.0,4.78087323386751,,4.16663550037161,-238.731953341668,-78.7184853649252,20.7039839183047,0.0,-2.21648948927545,0.0,0.0,-191.571592815529,,13.0706304097573,-8646.00309311355,-8730.24865061409,4177.81064069086,-153.421392989922,-595.352684758162,-15.424919740268,-15.7123347258712,-2658.6844890681,,-654.969261907991,-238.731953341668,-78.7184853649252,20.7039839183047,0.0,-2.21648948927545,0.0,0.0,-191.571592815529,,13.0706304097573,-8303.23125066572,-8543.67180100855,4138.71792558605,-144.167218976962,-575.0918481726,-11.3248203450176,-15.7123347258712,-2562.09615388292,,-589.884999139851,-124.25969794816,-100.920232888458,-1.81898940354586e-12,-9.25417401295968,-17.8660473697022,-4.1000993952504,0.0,90.2023843964807,,-82.321528678269,0.0,0.0,0.0,0.0,0.0,0.0,0.0,0.0,,0.0,-2.16749768971169,-3.25124653456754,-21.3581596967953
3D5Q 3D5Q - minimized,-102.161801852868,-55.3975408323786,15.0014325566372,-8.62149962295757,-17.1008354375867,-5.53028439070055,0.0,50.5274370526513,,-81.040511178531,17.7268746356294,-5.21646246208114,15.0014325566359,0.0,-0.130214568345759,0.0,0.0,4.59012708359546,,3.48199202582512,-238.888182688094,-78.4578852411625,20.6295097587463,0.0,-2.20142440683596,0.0,0.0,-191.967547901837,,13.1091651029956,-8549.0630607712,-8704.34154786621,4186.92620003289,-145.754705927493,-581.796793456136,-14.0627712687459,-12.3164997805332,-2716.20780120652,,-561.509141298445,-238.888182688094,-78.4578852411625,20.6295097587463,0.0,-2.20142440683596,0.0,0.0,-191.967547901837,,13.1091651029956,-8208.01307623024,-8570.48612179267,4151.29525771751,-137.133206304536,-562.494533611714,-8.53248687804536,-12.3164997805332,-2574.76769035734,,-493.57779522291,-119.888676488497,-50.1810783702986,9.09494701772928e-13,-8.62149962295757,-16.970620869241,-5.53028439070055,0.0,45.9373099690561,,-84.5225032043561,0.0,0.0,0.0,0.0,0.0,0.0,0.0,0.0,,0.0,-2.12837087193475,-3.19255630790212,-20.9726105788082
3D5Q 3D5Q - minimized,-101.299276375918,-76.8513779268087,12.3676575412428,-9.80756987692016,-15.3470062147885,-5.18876271018573,0.0,71.2236009391199,,-77.6958181275829,24.3339998415368,14.6717762356475,12.3676575412433,0.0,2.05364319370636,0.0,0.0,-14.4328353962644,,9.67375826720386,-245.507640966216,-91.7628021326015,21.678940205125,0.0,-4.22991339848779,0.0,0.0,-177.449113674975,,6.25524803472259,-8423.03390212061,-8521.59142482331,4256.40502113981,-152.241964689468,-578.428317759288,-15.0759417213592,-9.40555527842544,-2846.50771937747,,-556.187999611107,-245.507640966216,-91.7628021326015,21.678940205125,0.0,-4.22991339848779,0.0,0.0,-177.449113674975,,6.25524803472259,-8076.22698477848,-8352.9772447639,4222.35842339345,-142.434394812548,-558.851398146012,-9.88717901117345,-9.40555527842544,-2740.28220664162,,-484.747429518247,-125.633276217453,-91.5231541624562,0.0,-9.80756987692016,-17.4006494084949,-5.18876271018573,0.0,85.6564363353841,,-87.3695763947866,0.0,0.0,0.0,0.0,0.0,0.0,0.0,0.0,,0.0,-2.11040159116495,-3.16560238674742,-20.7955442916607
3D5Q 3D5Q - minimized,-97.3021577755517,-57.4974795019934,10.3996077118773,-7.61630532544399,-13.8317240082961,-3.63319304082823,0.0,40.6410678743823,,-65.7641314852522,21.320325767869,12.3865975890783,10.3996077118774,0.0,1.97130011762442,0.0,0.0,-14.3391145535448,,10.901934902834,-245.508598952351,-91.7905220785907,21.7030258673947,0.0,-4.23083174709516,0.0,0.0,-177.436515578315,,6.24624458425542,-8628.65316873618,-8882.46718045461,4134.95223981883,-144.65015159372,-581.228243879128,-11.2798012899618,-14.3896056250138,-2512.43834324642,,-617.152082466155,-245.508598952351,-91.7905220785907,21.7030258673947,0.0,-4.23083174709516,0.0,0.0,-177.436515578315,,6.24624458425542,-8285.84241200828,-8733.17917887403,4102.84960623956,-137.033846268276,-563.165688123737,-7.64660824913353,-14.3896056250138,-2375.64289554249,,-557.634195565158,-118.62248354342,-69.884077091072,0.0,-7.61630532544399,-15.8030241259205,-3.63319304082823,0.0,54.9801824279275,,-76.6660663880861,0.0,0.0,0.0,0.0,0.0,0.0,0.0,0.0,,0.0,-2.02712828699066,-3.04069243048599,-19.9749830806954
3D5Q 3D5Q - minimized,-109.656856952244,-125.504802938392,12.7515620746053,-8.77644151044501,-16.6233778755943,-6.25490918128866,0.0,112.364013334064,,-77.6129008551915,14.6231073560654,0.800554047449097,12.7515620746049,0.0,0.0470776700749753,0.0,0.0,-3.25652962387289,,4.28044318780913,-238.851301077386,-76.6531607557133,20.8432622022133,0.0,-2.31296666703074,0.0,0.0,-193.643739668242,,12.9153038113865,-8561.31169085117,-8807.84678383261,4202.23707724354,-145.756526928952,-586.883258696364,-16.5887594826364,-14.9512925533547,-2600.99985416283,,-590.522292437953,-238.851301077386,-76.6531607557133,20.8432622022133,0.0,-2.31296666703074,0.0,0.0,-193.643739668242,,12.9153038113865,-8212.80353282154,-8605.68882013851,4168.64225296672,-136.980085418507,-567.946914153739,-10.3338503013477,-14.9512925533547,-2519.72012782865,,-525.824695394148,-124.279964308309,-126.305356985842,9.09494701772928e-13,-8.77644151044501,-16.6704555456694,-6.25490918128866,0.0,115.620542957937,,-81.8933440430005,0.0,0.0,0.0,0.0,0.0,0.0,0.0,0.0,,0.0,-2.28451785317175,-3.42677677975763,-22.5112568146323
3D5Q 3D5Q - minimized,-86.5118618787201,-42.5408499227215,6.04009734482588,-7.6586065606362,-13.0364390556293,-5.04075565952362,0.0,44.5792115952772,,-68.8545196203171,17.7246406717438,10.1413796487332,6.0400973448297,0.0,2.22373560657114,0.0,0.0,-10.6431597374956,,9.96258780910559,-246.337951343812,-88.9494263177072,22.4496743119204,0.0,-4.54983212914029,0.0,0.0,-180.723029102843,,5.43466189395829,-8558.94925631431,-8758.4919877713,4159.64649601076,-139.206170433515,-588.180874047276,-12.4885434113688,-10.1161313474285,-2644.23782710032,,-565.874218213849,-246.337951343812,-88.9494263177072,22.4496743119204,0.0,-4.54983212914029,0.0,0.0,-180.723029102843,,5.43466189395829,-8226.09944309177,-8627.00171153087,4131.15672435401,-131.547563872878,-570.594602862507,-7.44778775184523,-10.1161313474285,-2508.09400959275,,-502.454360487491,-104.236502550464,-52.6822295714555,-3.63797880709171e-12,-7.6586065606362,-15.2601746622005,-5.04075565952362,0.0,55.222371332773,,-78.8171074294227,0.0,0.0,0.0,0.0,0.0,0.0,0.0,0.0,,0.0,-1.80233045580667,-2.70349568371,-17.7598628520969
3D5Q 3D5Q - minimized,-97.460932030508,-131.272369562957,7.34464594867495,-7.0476928837266,-15.2372121328082,-5.11182856835752,0.0,135.11827531648,,-81.2547501478092,11.0261616838602,-2.80961349183683,7.34464594867654,0.0,-0.0196106424326432,0.0,0.0,3.62599914975408,,2.88474071969888,-238.700154626124,-78.5340422009303,20.707170517179,0.0,-2.2174210561242,0.0,0.0,-191.721465705516,,13.0656038192679,-8637.84395452064,-8792.73772049226,4122.55795915593,-144.781054200831,-587.265083486636,-16.9035469588237,-14.2276489268171,-2603.99580665301,,-600.491052958183,-238.700154626124,-78.5340422009303,20.707170517179,0.0,-2.2174210561242,0.0,0.0,-191.721465705516,,13.0656038192679,-8301.68286786401,-8582.93130872838,4094.50614269007,-137.733361317104,-569.810450297704,-11.7917183904662,-14.2276489268171,-2547.39261626398,,-532.301906629642,-108.487093714368,-128.462756071121,-1.36424205265939e-12,-7.0476928837266,-15.2176014903755,-5.11182856835752,0.0,131.492276166726,,-84.1394908675081,0.0,0.0,0.0,0.0,0.0,0.0,0.0,0.0,,0.0,-2.03043608396892,-3.04565412595338,-20.0075775588541
3D5Q 3D5Q - minimized,-87.3986286252493,-73.4761874850592,7.6178967664564,-7.49949665174913,-13.9352513119915,-5.22265965190777,0.0,78.1440945772051,,-73.0270248681959,21.0248286451169,15.1931363183878,7.61789676645737,0.0,1.19560746432138,0.0,0.0,-11.111373619806,,8.12956171575638,-246.73214493736,-94.1392726007616,24.3436601637366,0.0,-3.46904688276528,0.0,0.0,-183.37048071942,,9.90299510185022,-8554.82721387502,-8774.48729545063,4160.87862916148,-138.806011411893,-589.966344574626,-21.5570129023903,-14.1251412131085,-2592.24682156219,,-584.517215921658,-246.73214493736,-94.1392726007616,24.3436601637366,0.0,-3.46904688276528,0.0,0.0,-183.37048071942,,9.90299510185022,-8220.69644031241,-8606.87183536481,4128.91707223129,-131.306514760144,-572.56204637987,-16.3343532504825,-14.1251412131085,-2487.02043541998,,-521.393186155312,-108.423457270366,-88.6693238034477,-9.09494701772928e-13,-7.49949665174913,-15.1308587763128,-5.22265965190777,0.0,89.2554681970114,,-81.1565865839523,0.0,0.0,0.0,0.0,0.0,0.0,0.0,0.0,,0.0,-1.82080476302603,-2.73120714453904,-17.9419055854072
3D5Q 3D5Q - minimized,-101.152068937474,-120.663250666787,8.83603733594236,-7.687471884996,-14.7302838658567,-1.46606818903501,0.0,108.029280359347,,-73.4703120260845,12.3107088555835,4.13704887110534,8.83603733594336,0.0,-0.110650847211567,0.0,0.0,-4.70148982158003,,4.14976331732646,-238.565247120572,-76.6012189645281,20.7581534912119,0.0,-2.32354376445723,0.0,0.0,-193.353252037142,,12.954614154343,-8628.15885083401,-8691.7111690002,4068.83238374077,-143.774770902799,-594.051094765094,-14.4205284422129,-15.8176927859247,-2628.15113001224,,-609.064848666308,-238.565247120572,-76.6012189645281,20.7581534912119,0.0,-2.32354376445723,0.0,0.0,-193.353252037142,,12.954614154343,-8288.44153477596,-8494.44669936888,4039.23819291362,-136.087299017803,-576.99726713478,-12.9544602531779,-15.8176927859247,-2542.82715833444,,-548.549150794566,-113.462777793056,-124.800299537892,-9.09494701772928e-13,-7.687471884996,-14.6196330186451,-1.46606818903501,0.0,112.730770180927,,-77.6200753434109,0.0,0.0,0.0,0.0,0.0,0.0,0.0,0.0,,0.0,-2.1073347695307,-3.16100215429606,-20.7653243442362
3D5Q 3D5Q - minimized,-104.82439699403,-116.040585533092,8.72232557523103,-7.87877078775756,-14.7911207594398,-2.76022557822566,0.0,103.898242021511,,-75.9742619322602,10.0158664669441,1.20095535754571,8.72232557522874,0.0,0.0115215921673704,0.0,0.0,-3.23544182364913,,3.31650576565172,-238.836048092647,-76.6391439365527,20.7715180423461,0.0,-2.32170145080369,0.0,0.0,-193.603079997798,,12.9563592501617,-8631.72406929461,-8852.91113527742,4063.27399231673,-143.245241772881,-593.899908586235,-20.6737257958984,-17.1338749558936,-2462.741356393,,-604.392818830011,-238.836048092647,-76.6391439365527,20.7715180423461,0.0,-2.32170145080369,0.0,0.0,-193.603079997798,,12.9563592501617,-8288.06362420793,-8660.23140580777,4033.78014869915,-135.366470985124,-576.787086375992,-17.9135002176728,-17.1338749558936,-2373.03651841671,,-541.374916147912,-114.840263460976,-117.241540890638,2.27373675443232e-12,-7.87877078775756,-14.8026423516072,-2.76022557822566,0.0,107.13368384516,,-79.290767697912,0.0,0.0,0.0,0.0,0.0,0.0,0.0,0.0,,0.0,-2.1838416040423,-3.27576240606345,-21.5192098949112
3D5Q 3D5Q - minimized,-103.601362416006,-88.6001524026651,5.89187175060943,-7.99772113923683,-14.8296504572015,-1.71128191369216,0.0,70.6170642664138,,-66.9714925202315,18.7257926607869,14.221413689748,5.89187175060993,0.0,2.27431658638167,0.0,0.0,-16.8748737900917,,13.2130644241387,-246.40129529242,-88.9845365198896,22.4734868470412,0.0,-4.55007780698255,0.0,0.0,-180.767159288672,,5.42699147608295,-8615.72416100512,-8717.08063209372,4139.38066064011,-141.268514038281,-582.651190575059,-15.3634735073354,-14.3587465942977,-2671.29277132358,,-613.089493512952,-246.40129529242,-88.9845365198896,22.4734868470412,0.0,-4.55007780698255,0.0,0.0,-180.767159288672,,5.42699147608295,-8265.72150329669,-8539.49594317116,4111.01530204246,-133.270792899044,-563.271462310875,-13.6521915936432,-14.3587465942977,-2561.14267630132,,-551.544992468804,-122.327155076793,-102.821566092412,0.0,-7.99772113923683,-17.1039670435832,-1.71128191369216,0.0,87.4919380565052,,-80.1845569443702,0.0,0.0,0.0,0.0,0.0,0.0,0.0,0.0,,0.0,-2.15836171700012,-3.23754257550019,-21.2681353497865
3D5Q 3D5Q - minimized,-91.2147769413823,30.8905487507582,6.98793358319335,-9.03845457171531,-15.3493859132878,-5.81004421233018,0.0,-26.8539296326371,,-72.0414449453627,18.0139813356842,8.44832099954911,6.98793358319128,0.0,1.21771778930879,0.0,0.0,-7.39260206982203,,8.75261103345692,-246.499232182214,-93.9261235311171,24.4148156759745,0.0,-3.47001702805062,0.0,0.0,-183.228645743576,,9.71073844455487,-8547.35029077721,-8528.18257470224,4096.51570947638,-146.480764685584,-582.224491738399,-16.436453492117,-7.90226969544017,-2788.27052015594,,-574.368925783866,-246.499232182214,-93.9261235311171,24.4148156759745,0.0,-3.47001702805062,0.0,0.0,-183.228645743576,,9.71073844455487,-8209.63628165362,-8465.14699992188,4065.11296021721,-137.442310113869,-563.405088797061,-10.6264092797868,-7.90226969544017,-2578.18794477973,,-512.038219283058,-109.228758277066,22.4422277512094,1.81898940354586e-12,-9.03845457171531,-16.5671037025967,-5.81004421233018,0.0,-19.4613275628153,,-80.7940559788196,0.0,0.0,0.0,0.0,0.0,0.0,0.0,0.0,,0.0,-1.90030785294546,-2.8504617794182,-18.7253157357146
3D5Q 3D5Q - minimized,-109.992568609612,-0.52544802094053,7.39120200548132,-9.62198192003504,-16.4052351064507,-5.56687381278618,0.0,-1.35258722857816,,-83.9116445263018,9.39196351390859,-7.49643785142135,7.39120200548417,0.0,-0.00165224552713195,0.0,0.0,7.2109284047848,,2.28792320058781,-239.223586777358,-75.2639675552248,21.3539182018675,0.0,-2.22929259385033,0.0,0.0,-199.212418469426,,16.1281736392762,-8570.31432129421,-8843.90186635493,4233.46441072232,-147.903679942747,-584.167006940986,-13.6164880866059,-17.7271840752673,-2509.48082838236,,-686.981678233646,-239.223586777358,-75.2639675552248,21.3539182018675,0.0,-2.22929259385033,0.0,0.0,-199.212418469426,,16.1281736392762,-8221.09816590724,-8768.11245077876,4204.71929051498,-138.281698022712,-565.532479240685,-8.04961427381971,-17.7271840752673,-2308.91582268435,,-619.19820734662,-119.38453212352,6.9709898304809,-2.72848410531878e-12,-9.62198192003504,-16.4035828609236,-5.56687381278618,0.0,-8.56351563336329,,-86.1995677268895,0.0,0.0,0.0,0.0,0.0,0.0,0.0,0.0,,0.0,-2.29151184603359,-3.43726776905038,-22.5801744504713
3D5Q 3D5Q - minimized,-98.2808114728086,-57.6036269117503,4.41051263153076,-9.11118500121393,-13.7812090850279,-4.0070240992729,0.0,48.0542249837326,,-66.2425039908055,17.568682345557,11.9524899172595,4.4105126315327,0.0,2.44524067596861,0.0,0.0,-13.5436295068528,,12.3040686276491,-248.526277824593,-93.8877500333222,23.338143552738,0.0,-4.69796956945138,0.0,0.0,-180.437292786821,,7.1585910122629,-8633.25082807612,-8652.77994258886,4139.33451746061,-143.02568968404,-602.684456074181,-14.6648790598012,-16.2627911066296,-2686.35166416163,,-656.815922861595,-248.526277824593,-93.8877500333222,23.338143552738,0.0,-4.69796956945138,0.0,0.0,-180.437292786821,,7.1585910122629,-8286.44373877871,-8501.28856564378,4111.58586127634,-133.914504682826,-584.205277419701,-10.6578549605283,-16.2627911066296,-2553.96859635854,,-597.732009883053,-115.849493818367,-69.5561168290096,-1.81898940354586e-12,-9.11118500121393,-16.2264497609965,-4.0070240992729,0.0,61.5978544905856,,-78.5465726184545,0.0,0.0,0.0,0.0,0.0,0.0,0.0,0.0,,0.0,-2.04751690568351,-3.07127535852527,-20.175889119076
3D5Q 3D5Q - minimized,-105.032988689152,-132.85762519783,3.80122499599929,-10.0257638983948,-13.9115563600652,-4.25957780487421,0.0,114.787173870601,,-62.5668642945933,16.9184455659583,15.5765909128212,3.80122499600224,0.0,1.31476302384572,0.0,0.0,-12.8516594095325,,9.07752604282184,-246.964069020804,-94.0943971514534,24.3296217677873,0.0,-3.46921507346347,0.0,0.0,-183.612973820505,,9.88289525683024,-8570.47384391561,-8799.03998936816,4174.3538224466,-146.152202670082,-582.973708981109,-16.5596361598309,-13.857285477483,-2609.53877154052,,-576.706072165036,-246.964069020804,-94.0943971514534,24.3296217677873,0.0,-3.46921507346347,0.0,0.0,-183.612973820505,,9.88289525683024,-8218.47678620565,-8572.08796701887,4146.22297568282,-136.126438771687,-565.59293754758,-12.3000583549567,-13.857285477483,-2540.71297159062,,-524.022103127273,-121.95143425511,-148.434216110651,-2.72848410531878e-12,-10.0257638983948,-15.226319383911,-4.25957780487421,0.0,127.638833280133,,-71.6443903374152,0.0,0.0,0.0,0.0,0.0,0.0,0.0,0.0,,0.0,-2.18818726435734,-3.28228089653601,-21.5620313047965
3D5Q 3D5Q - minimized,-97.8840371046626,-86.99611482414,5.10112886618299,-10.6200013390172,-14.9638505826604,-4.38524149175949,0.0,81.8448786565978,,-67.8648363898653,16.7071655585999,10.4083956633103,5.1011288661815,0.0,1.35068571866723,0.0,0.0,-8.63147911872807,,8.47843442916894,-246.461733323792,-94.0926581378838,24.3177162732249,0.0,-3.46671764722882,0.0,0.0,-183.119868538902,,9.89979472699757,-8689.10036093527,-8656.33290664646,4132.39409435746,-148.618619466526,-594.825031092228,-20.2317748364373,-13.9039686919051,-2759.07705485746,,-628.505099701723,-246.461733323792,-94.0926581378838,24.3177162732249,0.0,-3.46671764722882,0.0,0.0,-183.119868538902,,9.89979472699757,-8344.75459050682,-8475.24413368443,4102.97524921805,-137.998618127509,-576.394462862339,-15.8465333446779,-13.9039686919051,-2657.80206497515,,-570.540058038855,-114.591202663261,-97.4045104874513,9.09494701772928e-13,-10.6200013390172,-16.3145363013276,-4.38524149175949,0.0,90.4763577753256,,-76.3432708190343,0.0,0.0,0.0,0.0,0.0,0.0,0.0,0.0,,0.0,-2.0392507730138,-3.05887615952071,-20.0944360303495
3D5Q 3D5Q - minimized,-104.79987121772,-83.7195335861798,11.0075913647906,-8.39030245180419,-18.0885314839741,-3.13154307189638,0.0,63.4711708179739,,-65.9487228066376,15.0225122847155,0.635527472765588,11.0075913647899,0.0,0.0373497374901532,0.0,0.0,-4.51445575783691,,7.85649946750695,-238.638476460249,-77.148718186181,20.6966082603155,0.0,-2.21226212862452,0.0,0.0,-193.037755632645,,13.0636512268857,-8608.44060075787,-8803.873579649,4211.71043327061,-149.27703249408,-586.484309288512,-16.9358787295877,-16.3810590372378,-2646.05962584229,,-601.139548987766,-238.638476460249,-77.148718186181,20.6966082603155,0.0,-2.21226212862452,0.0,0.0,-193.037755632645,,13.0636512268857,-8265.0022530799,-8643.00532787664,4180.0062336455,-140.886730042276,-566.183515675913,-13.8043356576914,-16.3810590372378,-2516.49304102762,,-548.254477408014,-119.822383502436,-84.3550610589464,9.09494701772928e-13,-8.39030245180419,-18.1258812214642,-3.13154307189638,0.0,67.9856265758108,,-73.8052222741446,0.0,0.0,0.0,0.0,0.0,0.0,0.0,0.0,,0.0,-2.18333065036916,-3.27499597555374,-21.5141750428786
3D5Q 3D5Q - minimized,-98.2532234674236,-51.1212185429158,14.0250260178432,-9.32090042947945,-14.19732887567,-4.77703353752988,0.0,38.0327148102488,,-70.8944829099191,25.1114070916892,12.2655029078502,14.0250260178469,0.0,2.33007021383677,0.0,0.0,-14.908187194119,,11.3989951462745,-248.128156816908,-93.9292811237427,23.3591443754839,0.0,-4.69748625174924,0.0,0.0,-180.026424312889,,7.16589049598824,-8637.30390826573,-8738.2458518254,4118.57679616074,-153.398256852244,-598.982093632632,-20.8877781612735,-14.4704449766086,-2674.34319588533,,-555.553083092983,-248.128156816908,-93.9292811237427,23.3591443754839,0.0,-4.69748625174924,0.0,0.0,-180.026424312889,,7.16589049598824,-8290.92252798139,-8593.19535215874,4081.19262576742,-144.077356422765,-580.087278505213,-16.1107446237437,-14.4704449766086,-2532.34948638269,,-491.824490679052,-123.364630559114,-63.3867214507663,-3.63797880709171e-12,-9.32090042947945,-16.5273990895068,-4.77703353752988,0.0,52.9409020043677,,-82.2934780561936,0.0,0.0,0.0,0.0,0.0,0.0,0.0,0.0,,0.0,-2.04694215557132,-3.07041323335699,-20.1702256276037
3D5Q 3D5Q - minimized,-103.96047440371,-89.1129739792941,2.80016535857385,-8.42899289150154,-14.0035389816862,-6.34275281344991,0.0,85.0756760837962,,-73.9480571801504,8.5164089746043,11.3522943904786,2.8001653585717,0.0,0.167363682298792,0.0,0.0,-8.80488209515477,,3.00146763840986,-235.846364509146,-89.8134288296021,26.0238079914101,0.0,-2.26995870884664,0.0,0.0,-185.021482629069,,15.2346976669611,-8666.76158685191,-8590.23007404982,4089.31472709967,-146.998012695516,-591.245433998593,-19.1434242951308,-18.358575630939,-2759.56651953038,,-630.53427375121,-235.846364509146,-89.8134288296021,26.0238079914101,0.0,-2.26995870884664,0.0,0.0,-185.021482629069,,15.2346976669611,-8326.95474793906,-8411.30367124092,4060.49075374968,-138.569019804014,-574.97193630806,-12.8006714816809,-18.358575630939,-2659.6207129851,,-571.820914238021,-112.476883378315,-100.465268369773,2.27373675443232e-12,-8.42899289150154,-14.170902663985,-6.34275281344991,0.0,93.8805581789511,,-76.9495248185602,0.0,0.0,0.0,0.0,0.0,0.0,0.0,0.0,,0.0,-2.16584321674395,-3.24876482511593,-21.3418567968998
3D5Q 3D5Q - minimized,-102.667973221525,-107.015998748184,4.55068989440133,-8.27475378857082,-14.5863820028773,-6.03098695332515,0.0,93.823216581467,,-65.1337582044375,16.9312925555583,11.6239333716419,4.5506898944004,0.0,1.36684137498137,0.0,0.0,-10.9353820883599,,10.3252100028942,-246.494307722561,-94.0719643789272,24.3273110071606,0.0,-3.46878145229607,0.0,0.0,-183.165201163475,,9.88432826497681,-8570.47068955508,-8796.87709078347,4218.70258444905,-152.003210920226,-588.609892412986,-22.6366841373058,-11.7632857058901,-2675.59600523495,,-541.687104809305,-246.494307722561,-94.0719643789272,24.3273110071606,0.0,-3.46878145229607,0.0,0.0,-183.165201163475,,9.88432826497681,-8221.308408611,-8595.78912765636,4189.82458354749,-143.728457131655,-570.554728957812,-16.6056971839806,-11.7632857058901,-2586.25402065294,,-486.437674869844,-119.599265777084,-118.639932119826,9.09494701772928e-13,-8.27475378857082,-15.9532233778586,-6.03098695332515,0.0,104.758598669827,,-75.4589682073316,0.0,0.0,0.0,0.0,0.0,0.0,0.0,0.0,,0.0,-2.13891610878178,-3.20837416317266,-21.0765215788929
3D5Q 3D5Q - minimized,-88.0529158336467,-67.8209350229681,8.51944858263414,-8.21623143719981,-14.7363964754358,-1.984607024856,0.0,60.2014070117184,,-64.015601467542,21.718896020019,16.1871921578707,8.51944858263565,0.0,1.23438510971071,0.0,0.0,-13.5166474070276,,9.29451757682956,-246.565688556256,-94.0908956749702,24.3395625204328,0.0,-3.46831896976762,0.0,0.0,-183.230503437555,,9.88446700560469,-8628.29734107636,-8658.70604587681,4144.76479276104,-147.626561012959,-602.638407427575,-15.3409680407029,-13.9909862064889,-2692.99374814452,,-641.765417128345,-246.565688556256,-94.0908956749702,24.3395625204328,0.0,-3.46831896976762,0.0,0.0,-183.230503437555,,9.88446700560469,-8293.67873668645,-8496.79421517887,4111.90578165797,-139.410329575759,-584.433691982372,-13.3563610158469,-13.9909862064889,-2569.96465171868,,-587.634282666407,-109.771811853665,-84.0081271808376,-9.09494701772928e-13,-8.21623143719981,-15.9707815851465,-1.984607024856,0.0,73.7180544187463,,-73.3101190443715,0.0,0.0,0.0,0.0,0.0,0.0,0.0,0.0,,0.0,-1.83443574653431,-2.75165361980146,-18.0762230169671
3D5Q 3D5Q - minimized,-104.337718370287,-87.7375964857292,7.72319669886565,-8.71837268760356,-16.3822830834042,-2.77501578254866,0.0,74.1892135869821,,-70.6368606168473,12.3196869602033,-0.161444471919623,7.72319669886453,0.0,0.0524663078859753,0.0,0.0,0.276466545680364,,4.4290018796924,-238.102139056131,-76.4535515435191,23.2581158367971,0.0,-2.30371108014125,0.0,0.0,-197.271301546099,,14.6683092768311,-8589.58277638836,-8600.72311188181,4141.03971912831,-150.139609002594,-602.208537258956,-16.0901698107146,-16.7515855026548,-2808.54190790379,,-536.167574156153,-238.102139056131,-76.4535515435191,23.2581158367971,0.0,-2.30371108014125,0.0,0.0,-197.271301546099,,14.6683092768311,-8247.14291896194,-8436.53196385256,4110.05840659265,-141.42123631499,-583.52254309541,-13.315154028166,-16.7515855026548,-2685.45981994467,,-480.199022816136,-116.65740533049,-87.5761520138094,1.81898940354586e-12,-8.71837268760356,-16.4347493912902,-2.77501578254866,0.0,73.9127470413014,,-75.0658624965396,0.0,0.0,0.0,0.0,0.0,0.0,0.0,0.0,,0.0,-2.17370246604764,-3.26055369907147,-21.4193005249932
3D5Q 3D5Q - minimized,-103.023056256627,-81.717098190793,9.9327950998395,-8.29697974618713,-16.017223716718,-2.53171228392329,0.0,72.5123836139101,,-76.9052210327585,13.8464456796286,0.609080748033037,9.93279509984056,0.0,0.195094872572067,0.0,0.0,-0.825790193427679,,3.93526515261083,-238.371818371687,-77.52666970761,22.8964481427234,0.0,-2.29866112726212,0.0,0.0,-196.252530570459,,14.80959489092,-8534.89442938191,-8595.6818008944,4194.40635674981,-153.49697143573,-597.794114609259,-11.916095596301,-7.51749898344222,-2836.91587571423,,-525.978428898353,-238.371818371687,-77.52666970761,22.8964481427234,0.0,-2.29866112726212,0.0,0.0,-196.252530570459,,14.80959489092,-8193.49955475359,-8436.43803299599,4161.57711350724,-145.199991689543,-579.478229765279,-9.38438331237768,-7.51749898344222,-2713.17572875769,,-463.882802756514,-116.869501936255,-82.3261789388253,-9.09494701772928e-13,-8.29697974618713,-16.2123185892901,-2.53171228392329,0.0,73.3381738073381,,-80.8404861853694,0.0,0.0,0.0,0.0,0.0,0.0,0.0,0.0,,0.0,-2.14631367201306,-3.21947050801958,-21.1494159296508
3D5Q 3D5Q - minimized,-95.5560856540997,-108.063348361651,4.63930134653219,-9.35056217661312,-14.4441817601601,-2.26252012691893,0.0,99.0740355575617,,-65.148810132848,20.4144322028172,21.8266341659074,4.63930134653142,0.0,1.31537363440202,0.0,0.0,-17.3850064799547,,10.0181295359311,-246.468942346386,-94.1025521876966,24.3343224908936,0.0,-3.46756425091949,0.0,0.0,-183.115691443703,,9.88254304503909,-8542.05045508998,-8936.6455146447,4130.0080111569,-150.963665896591,-586.520279001281,-15.7842294784941,-13.9254700548977,-2514.05993682222,,-454.1593703487,-246.468942346386,-94.1025521876966,24.3343224908936,0.0,-3.46756425091949,0.0,0.0,-183.115691443703,,9.88254304503909,-8200.0254270895,-8734.47961409535,4101.03438731947,-141.613103719978,-568.608532990201,-13.5217093515752,-13.9254700548977,-2430.01828093608,,-398.893103260891,-115.970517856917,-129.889982527558,9.09494701772928e-13,-9.35056217661312,-15.7595553945621,-2.26252012691893,0.0,116.459042037516,,-75.1669396687792,0.0,0.0,0.0,0.0,0.0,0.0,0.0,0.0,,0.0,-1.99075178446041,-2.98612767669061,-19.6165351091291
3D5Q 3D5Q - minimized,-92.7728725676825,-103.850113117851,6.61267864646243,-8.01445543517758,-13.6695153264426,-2.55836703332905,0.0,96.9847518210699,,-68.2778521224185,19.2698273927319,13.9812101651201,6.61267864646131,0.0,1.37026948191166,0.0,0.0,-12.2671935960333,,9.57286269527182,-246.493107261165,-94.1125373593887,24.3508246511695,0.0,-3.4692519076443,0.0,0.0,-183.149961253261,,9.88781860795919,-8601.94370212545,-8666.11133362005,4085.39525230681,-144.293224924408,-597.567181315235,-16.9165898722188,-14.6617900338469,-2688.455112937,,-559.333721729501,-246.493107261165,-94.1125373593887,24.3508246511695,0.0,-3.4692519076443,0.0,0.0,-183.149961253261,,9.88781860795919,-8262.6777222966,-8468.14868314281,4054.43174900917,-136.27876948923,-580.428414081149,-14.3582228388897,-14.6617900338469,-2602.28990350481,,-500.943688215042,-112.042699960415,-117.831323282971,1.36424205265939e-12,-8.01445543517758,-15.0397848083543,-2.55836703332905,0.0,109.251945417103,,-77.8507148176903,0.0,0.0,0.0,0.0,0.0,0.0,0.0,0.0,,0.0,-1.93276817849339,-2.89915226774008,-19.0451743543204
3D5Q 3D5Q - minimized,-101.187157813786,-115.909464302556,8.52847952187676,-8.42170898214187,-15.4683082670526,-2.17610605558169,0.0,105.63020559634,,-73.3702553246724,14.4581293531684,5.04639035053404,8.52847952187261,0.0,-0.0771401703571848,0.0,0.0,-1.72909582882801,,2.68949547994674,-238.496998055523,-76.8718828438821,22.6790826414317,0.0,-2.29525742674568,0.0,0.0,-196.828146503939,,14.8192060776124,-8485.05991164152,-8897.65157674082,4103.55264438612,-145.154001744946,-576.627167804866,-12.03147319365,-11.1769599651047,-2484.61740632621,,-461.35397025204,-238.496998055523,-76.8718828438821,22.6790826414317,0.0,-2.29525742674568,0.0,0.0,-196.828146503939,,14.8192060776124,-8145.37575577221,-8704.87022959438,4072.34508222281,-136.732292762804,-558.863602111067,-9.85536713806829,-11.1769599651047,-2393.41946541861,,-402.80292100498,-115.645287166954,-120.95585465309,4.09272615797818e-12,-8.42170898214187,-15.3911680966955,-2.17610605558169,0.0,107.359301425168,,-76.0597508046191,0.0,0.0,0.0,0.0,0.0,0.0,0.0,0.0,,0.0,-2.10806578778721,-3.16209868168082,-20.7725276758651
3D5Q 3D5Q - minimized,-98.2958690794803,-60.9833244153524,5.82040113982202,-7.73227309311793,-15.6496606889742,-2.56216390645669,0.0,53.1065361262758,,-70.2953842416762,10.7544499429517,-0.23369738653922,5.82040113982029,0.0,0.183884634804614,0.0,0.0,-2.00777895564431,,6.99164051051008,-238.400346204831,-76.9174788054912,22.859669360395,0.0,-2.29795760914659,0.0,0.0,-196.852506803857,,14.8079276532688,-8541.00499938592,-8721.98522805148,4100.98655572229,-148.265726846393,-583.297052958606,-16.4669272697637,-13.1247283243619,-2701.53067758361,,-457.321214073994,-238.400346204831,-76.9174788054912,22.859669360395,0.0,-2.29795760914659,0.0,0.0,-196.852506803857,,14.8079276532688,-8204.30878410161,-8584.08442483063,4072.30648522208,-140.533453753275,-565.349434660485,-13.904763363307,-13.1247283243619,-2557.78470690603,,-401.833757485587,-109.050319022432,-60.7496270288138,1.81898940354586e-12,-7.73227309311793,-15.8335453237788,-2.56216390645669,0.0,55.1143150819203,,-77.2870247521863,0.0,0.0,0.0,0.0,0.0,0.0,0.0,0.0,,0.0,-2.04783060582251,-3.07174590873376,-20.1789802677759
3D5Q 3D5Q - minimized,-104.393377790957,-110.56647947923,7.86670071061644,-8.41363717444443,-14.9529972582893,-2.81995038222419,0.0,91.7827871505438,,-67.2898013579258,22.4043850777863,14.6123414366796,7.86670071061208,0.0,1.35524743798457,0.0,0.0,-11.4114427715054,,9.98153826401566,-246.892632202959,-94.1023435828926,24.3516110774114,0.0,-3.46760867655366,0.0,0.0,-183.550498354898,,9.87620733397401,-8567.51315768049,-8874.55102333291,4111.27957688068,-149.602959194419,-602.043306314017,-16.0945183551014,-14.6724229402913,-2544.7379487429,,-477.09055568153,-246.892632202959,-94.1023435828926,24.3516110774114,0.0,-3.46760867655366,0.0,0.0,-183.550498354898,,9.87620733397401,-8216.22714768657,-8669.88220027079,4079.06126509265,-141.189322019974,-583.622700379174,-13.2745679728772,-14.6724229402913,-2452.97023753854,,-419.676961657578,-126.797762868744,-125.178820915909,4.09272615797818e-12,-8.41363717444443,-16.308244696274,-2.81995038222419,0.0,103.194229922049,,-77.2713396219414,0.0,0.0,0.0,0.0,0.0,0.0,0.0,0.0,,0.0,-2.1748620373116,-3.2622930559674,-21.4307267462773
3D5Q 3D5Q - minimized,-96.6760550834279,-43.152655941909,5.31565030846923,-8.16537461810992,-15.2636253365363,-2.25665992990631,0.0,36.5610406068208,,-69.7144301722506,21.4597696367323,26.3296332509462,5.31565030847331,0.0,1.25109001214051,0.0,0.0,-21.4296483612209,,9.99304442639297,-246.619892230991,-94.1208547503586,24.3541243177121,0.0,-3.46921852031889,0.0,0.0,-183.269389005734,,9.88544572770859,-8716.53236576262,-8773.54206580998,4153.94550855935,-151.226880554448,-610.682290624683,-14.128981172801,-11.7381602407762,-2681.13409947758,,-628.025396441713,-246.619892230991,-94.1208547503586,24.3541243177121,0.0,-3.46921852031889,0.0,0.0,-183.269389005734,,9.88544572770859,-8373.23641844821,-8636.26855511771,4124.27573393317,-143.061505936338,-591.949446767828,-11.8723212428946,-11.7381602407762,-2534.42575107866,,-568.196411997171,-118.135824720159,-69.4822891928561,-3.63797880709171e-12,-8.16537461810992,-16.5147153486769,-2.25665992990631,0.0,57.9906889680415,,-79.7074745986436,0.0,0.0,0.0,0.0,0.0,0.0,0.0,0.0,,0.0,-2.01408448090475,-3.02112672135712,-19.8464515972437
3D5Q 3D5Q - minimized,-104.121263450535,-171.291585570141,6.89928768074333,-8.29369666904097,-14.7963753891179,-2.6335944416733,0.0,157.725754560983,,-71.7310536222797,12.9835114277266,5.92863779904462,6.89928768074408,0.0,0.190215394522727,0.0,0.0,-4.49894935641385,,4.464319909829,-238.108439633067,-76.9594264210856,22.9707627123241,0.0,-2.30032304731683,0.0,0.0,-196.626793107782,,14.8073402307933,-8575.92950860804,-8765.71332741448,4170.87246758794,-147.603740148352,-597.535189870044,-16.683348986542,-16.0763356590872,-2644.89404673849,,-558.295987378995,-238.108439633067,-76.9594264210856,22.9707627123241,0.0,-2.30032304731683,0.0,0.0,-196.626793107782,,14.8073402307933,-8233.69980552444,-8517.46231542325,4141.00241719488,-139.310043479311,-580.43849143361,-14.0497545448687,-16.0763356590872,-2605.99300819169,,-501.372273987508,-117.104774878262,-177.220223369186,-9.09494701772928e-13,-8.29369666904097,-14.9865907836406,-2.6335944416733,0.0,162.224703917397,,-76.1953735321086,0.0,0.0,0.0,0.0,0.0,0.0,0.0,0.0,,0.0,-2.16919298855282,-3.25378948282923,-21.3748648880185
3D5Q 3D5Q - minimized,-101.746030730341,-103.48780270647,10.392496427678,-7.83891211342865,-17.5115547021632,-2.61338901934572,0.0,89.1641591563994,,-69.8510277730134,14.696688088508,-0.423706529141384,10.3924964276794,0.0,0.071720477450814,0.0,0.0,-2.56721262186034,,7.22339033437989,-238.703515195991,-75.5808808418011,20.7773160202664,0.0,-2.31633629670159,0.0,0.0,-194.51029716943,,12.9266830916753,-8638.40780137298,-8707.90080538126,4091.40168447265,-149.593406163014,-599.082889046328,-18.0097301074895,-12.3342487287064,-2692.04136364495,,-550.847042773902,-238.703515195991,-75.5808808418011,20.7773160202664,0.0,-2.31633629670159,0.0,0.0,-194.51029716943,,12.9266830916753,-8297.95825544665,-8528.83212183299,4060.23187202471,-141.754494049585,-579.254998047463,-15.3963410881438,-12.3342487287064,-2586.69522563192,,-493.922698092564,-116.442718818847,-103.064096177328,-1.36424205265939e-12,-7.83891211342865,-17.583275179614,-2.61338901934572,0.0,91.7313717782599,,-77.0744181073933,0.0,0.0,0.0,0.0,0.0,0.0,0.0,0.0,,0.0,-2.11970897354877,-3.17956346032315,-20.8872576809097
3D5Q 3D5Q - minimized,-112.319148959752,-104.858620591989,8.86231497969993,-9.19595595729649,-16.4354199687,-2.63770235513049,0.0,88.2707969137741,,-76.3245619801132,11.4559410112649,-2.88177423684218,8.86231497970043,0.0,0.01421556808249,0.0,0.0,2.66623910099759,,2.79494559932639,-238.246057784039,-76.9443484285863,22.9047576723208,0.0,-2.29533810135694,0.0,0.0,-196.72546309912,,14.8143341727029,-8611.21197757467,-8682.00939779056,4124.3742346185,-144.841768928727,-594.27360316433,-16.2596066434746,-13.4487097892189,-2694.77711629417,,-589.97600958269,-238.246057784039,-76.9443484285863,22.9047576723208,0.0,-2.29533810135694,0.0,0.0,-196.72546309912,,14.8143341727029,-8260.64677083088,-8500.20642876998,4092.60716196648,-135.64581297143,-575.542845094273,-13.6219042883442,-13.4487097892189,-2586.32245010883,,-528.46578177528,-123.775089971017,-101.976846355146,-9.09494701772928e-13,-9.19595595729649,-16.4496355367825,-2.63770235513049,0.0,85.6045578127769,,-79.1195075794396,0.0,0.0,0.0,0.0,0.0,0.0,0.0,0.0,,0.0,-2.33998226999483,-3.50997340499225,-23.0577939009785
3D5Q 3D5Q - minimized,-100.578234053322,-18.9895111824335,8.26309426519856,-7.96098223793803,-16.0206691624686,-3.51281310631461,0.0,12.7941106080134,,-75.1514632373785,10.9362461764118,0.00204136814465983,8.26309426519884,0.0,0.0836173237256346,0.0,0.0,-0.91675810222489,,3.50425132156763,-238.359808125865,-76.8988965050553,22.791595973273,0.0,-2.29707700586627,0.0,0.0,-196.768353110002,,14.8129225217858,-8561.13207340538,-8736.08970699562,4133.19260655298,-149.052847915404,-592.292380092893,-17.4783374176108,-16.1120229469795,-2663.31701039988,,-519.982374189979,-238.359808125865,-76.8988965050553,22.791595973273,0.0,-2.29707700586627,0.0,0.0,-196.768353110002,,14.8129225217858,-8222.19403122619,-8640.20129930813,4102.13791631451,-141.091865677466,-573.974633924558,-13.9655243112962,-16.1120229469795,-2479.34276789789,,-459.643833474386,-111.514480229733,-18.9915525505785,-9.09494701772928e-13,-7.96098223793803,-16.1042864861943,-3.51281310631461,0.0,13.7108687102386,,-78.6557145589461,0.0,0.0,0.0,0.0,0.0,0.0,0.0,0.0,,0.0,-2.09537987611088,-3.14306981416632,-20.6475228240636
3D5Q 3D5Q - minimized,-92.1886896814267,-43.8551176238379,6.04559820525174,-8.89681000436508,-13.9098543182138,-2.03523123361943,0.0,43.2655237466074,,-72.8027984532488,18.6399571275745,12.232486936156,6.04559820525098,0.0,1.25127091379834,0.0,0.0,-9.66832878973457,,8.7789298621035,-246.743635988469,-94.1064529151865,24.3369188252304,0.0,-3.46832982946068,0.0,0.0,-183.380208540975,,9.87443647192296,-8603.79531538583,-8851.22679127836,4188.88164956921,-147.116911962601,-600.662435648189,-16.5780860452298,-17.2192633052225,-2561.50527171691,,-598.368204998529,-246.743635988469,-94.1064529151865,24.3369188252304,0.0,-3.46832982946068,0.0,0.0,-183.380208540975,,9.87443647192296,-8264.86298971593,-8713.26522073933,4158.49913253873,-138.220101958235,-583.284251500515,-14.5428548116104,-17.2192633052225,-2421.39058692255,,-535.439843017203,-110.828646809001,-56.0876045599944,0.0,-8.89681000436508,-15.1611252320121,-2.03523123361943,0.0,52.9338525363419,,-81.5817283153523,0.0,0.0,0.0,0.0,0.0,0.0,0.0,0.0,,0.0,-1.92059770169639,-2.88089655254458,-18.9252485116077
3D5Q 3D5Q - minimized,-98.7611649035262,-102.520543998136,5.00775360646094,-8.30581999360538,-13.4814525149234,-3.97960616220789,0.0,87.808616491669,,-63.290112332786,17.7662576778565,13.8888167816755,5.00775360646143,0.0,1.26288034931021,0.0,0.0,-12.1751786872659,,9.78198562767523,-246.993478252201,-94.1002610891178,24.3442949643125,0.0,-3.46677004177843,0.0,0.0,-183.66392486657,,9.89318278095279,-8581.56928470077,-8784.47257213527,4209.29672495115,-142.983318388763,-599.733423730787,-16.9288198860141,-14.9526080428631,-2571.22785124148,,-660.567416226749,-246.993478252201,-94.1002610891178,24.3442949643125,0.0,-3.46677004177843,0.0,0.0,-183.66392486657,,9.89318278095279,-8235.81464154504,-8587.85176704801,4179.94467638038,-134.677498395158,-582.785201174086,-12.9492137238063,-14.9526080428631,-2475.37254286658,,-607.170486674916,-116.527422581383,-116.409360779811,-9.09494701772928e-13,-8.30581999360538,-14.7443328642336,-3.97960616220789,0.0,99.983795178935,,-73.0720979604612,0.0,0.0,0.0,0.0,0.0,0.0,0.0,0.0,,0.0,-2.05752426882346,-3.08628640323519,-20.2745000016165
3D5Q 3D5Q - minimized,-98.0042588135311,-97.4524992717306,9.24021492280644,-9.44442943380866,-15.8199650360092,-3.13303167062695,0.0,82.2458539863305,,-63.6404023104923,21.1547190398318,8.16076775069055,9.24021492280305,0.0,1.25913577316053,0.0,0.0,-9.35531078441443,,11.8499113775922,-246.671508623918,-94.1098891864724,24.3461985900724,0.0,-3.46749844329784,0.0,0.0,-183.333641947163,,9.8933223629425,-8661.03311026368,-8741.71514437347,4160.97837148733,-150.893791045206,-609.946168139847,-16.4300807382736,-13.2458533817482,-2713.4780146807,,-576.302429391765,-246.671508623918,-94.1098891864724,24.3461985900724,0.0,-3.46749844329784,0.0,0.0,-183.333641947163,,9.8933223629425,-8316.35734282623,-8550.15275591526,4127.39195797445,-141.449361611397,-590.65870466054,-13.2970490676466,-13.2458533817482,-2612.39022671987,,-522.555349444215,-119.158977853363,-105.613267022421,2.72848410531878e-12,-9.44442943380866,-17.0791008091697,-3.13303167062695,0.0,91.6011647707451,,-75.4903136880845,0.0,0.0,0.0,0.0,0.0,0.0,0.0,0.0,,0.0,-2.04175539194856,-3.06263308792285,-20.1191161264078
3D5Q 3D5Q - minimized,-97.7731459123734,-117.075895075282,9.30729841055563,-8.43362776269819,-14.4313396722974,-2.65514242320942,0.0,99.7560362302511,,-64.2404756196918,21.0269422260583,9.52124054046696,9.30729841055038,0.0,1.27773482210705,0.0,0.0,-10.7674162060307,,11.6880846589649,-245.0926780131,-87.5657265143264,22.9421113644978,0.0,-3.46955149677756,0.0,0.0,-184.63792017968,,7.63840881318599,-8567.49474704703,-8859.17296934811,4120.41294761321,-146.808085820361,-598.445507695443,-13.7192382423907,-18.5274475440598,-2577.18571151638,,-474.048734493491,-245.0926780131,-87.5657265143264,22.9421113644978,0.0,-3.46955149677756,0.0,0.0,-184.63792017968,,7.63840881318599,-8224.62892312155,-8654.5313477585,4088.16353783816,-138.374458057663,-580.544616526368,-11.0640958191813,-18.5274475440598,-2492.30382756696,,-417.446667686985,-118.800088138432,-126.59713561575,5.00222085975111e-12,-8.43362776269819,-15.7090744944045,-2.65514242320942,0.0,110.523452436281,,-75.9285602786567,0.0,0.0,0.0,0.0,0.0,0.0,0.0,0.0,,0.0,-2.03694053984111,-3.05541080976167,-20.0716713790775
3D5Q 3D5Q - minimized,-103.042258548283,-55.4754172591547,7.12240701262817,-8.1858861413111,-15.196949487803,-2.89990585440003,0.0,47.6301979327991,,-76.036704751048,12.9795377888219,4.69331713653456,7.12240701262823,0.0,0.147228717110174,0.0,0.0,-3.5136569679787,,4.53024189052743,-238.363613133786,-76.8877680587869,22.7940272889429,0.0,-2.29612677145597,0.0,0.0,-196.78910616661,,14.8153605741241,-8566.91390041798,-8878.48146102943,4149.30436252459,-146.87786242929,-599.029317667338,-15.0867384101783,-14.2680139503506,-2528.62096178603,,-533.853907669952,-238.363613133786,-76.8877680587869,22.7940272889429,0.0,-2.29612677145597,0.0,0.0,-196.78910616661,,14.8153605741241,-8225.50802873591,-8746.11827571148,4119.38792822302,-138.691976287979,-581.536241408079,-12.1868325557782,-14.2680139503506,-2379.46205355222,,-472.632563493029,-116.021796337105,-60.1687343956892,0.0,-8.1858861413111,-15.3441782049132,-2.89990585440003,0.0,51.143854900778,,-80.5669466415754,0.0,0.0,0.0,0.0,0.0,0.0,0.0,0.0,,0.0,-2.14671371975589,-3.22007057963384,-21.1533579331964
3D5Q 3D5Q - minimized,-99.3300312083957,-110.771197902492,11.10442929786,-7.79872295713321,-15.1805596506883,-2.75869221255843,0.0,102.789882095942,,-76.715169879325,13.7954281954488,-1.64398190497131,11.1044292978591,0.0,0.0906934729213695,0.0,0.0,1.52932239772986,,2.71496493191013,-237.976555061886,-77.1565353506226,23.2927460774403,0.0,-2.30459998997098,0.0,0.0,-196.48607575216,,14.6779099534267,-8562.64691388294,-8786.9770716411,4115.48576982089,-143.434880261307,-587.871266865602,-15.2795091253193,-21.4055813233536,-2558.91938933753,,-564.244985149624,-237.976555061886,-77.1565353506226,23.2927460774403,0.0,-2.30459998997098,0.0,0.0,-196.48607575216,,14.6779099534267,-8225.34032761266,-8599.04933838798,4081.08859444559,-135.636157304174,-570.386107224943,-12.5208169127608,-21.4055813233536,-2465.22319568131,,-502.207725223725,-113.125459403846,-109.127215997521,9.09494701772928e-13,-7.79872295713321,-15.2712531236097,-2.75869221255843,0.0,101.260559698212,,-79.4301348112351,0.0,0.0,0.0,0.0,0.0,0.0,0.0,0.0,,0.0,-2.06937565017491,-3.10406347526236,-20.3912815311809
3D5Q 3D5Q - minimized,-105.176502885954,-55.0361872866833,14.4323594817042,-8.73723092370201,-16.1812478999317,-2.70083737646322,0.0,39.6963932156987,,-76.6497520965818,17.0241848332007,-1.38300980491137,14.432359481709,0.0,0.0906740570581217,0.0,0.0,0.8859853936425,,2.99817570570242,-238.566758414372,-77.5434619307661,22.7965263384784,0.0,-2.29537513323007,0.0,0.0,-196.3512017193,,14.8267540304457,-8704.51286735351,-8669.52136384791,4162.05762960975,-142.735245352536,-620.123243864469,-17.1175920418417,-13.4330177477542,-2730.21541592974,,-673.424618179021,-238.566758414372,-77.5434619307661,22.7965263384784,0.0,-2.29537513323007,0.0,0.0,-196.3512017193,,14.8267540304457,-8360.76960605319,-8536.94171463046,4124.82874378956,-133.998014428834,-601.646620831307,-14.4167546653785,-13.4330177477542,-2573.56060742613,,-611.601620112884,-122.200687719154,-53.6531774817704,-4.54747350886464e-12,-8.73723092370201,-16.2719219569898,-2.70083737646322,0.0,38.8104078220563,,-79.6479278022841,0.0,0.0,0.0,0.0,0.0,0.0,0.0,0.0,,0.0,-2.19117714345737,-3.28676571518605,-21.5914930733583
3D5Q 3D5Q - minimized,-107.404775622739,-110.535033055547,17.0347313562179,-8.84171217461576,-16.7471241611972,-2.31910265671477,0.0,89.2836537363446,,-75.2801886672262,21.4437459800288,2.5542498434271,17.0347313562159,0.0,-0.126934086069117,0.0,0.0,-1.56998894498975,,3.55168781144427,-238.042362791415,-76.8875499329514,22.9032464289258,0.0,-2.29771194813321,0.0,0.0,-196.566485317044,,14.8061379777885,-8634.89524383366,-8801.45918564305,4099.96363967873,-145.530342244946,-608.684141252007,-13.4314819287057,-18.7282981658838,-2633.54937603223,,-513.476058245574,-238.042362791415,-76.8875499329514,22.9032464289258,0.0,-2.29771194813321,0.0,0.0,-196.566485317044,,14.8061379777885,-8289.44810541951,-8614.03660265455,4060.02566189359,-136.688630070331,-589.639305142676,-11.112379271991,-18.7282981658838,-2526.26654445153,,-453.002007556137,-128.848521602768,-113.089282898974,1.81898940354586e-12,-8.84171217461576,-16.6201900751281,-2.31910265671477,0.0,90.8536426813343,,-78.8318764786705,0.0,0.0,0.0,0.0,0.0,0.0,0.0,0.0,,0.0,-2.2375994921404,-3.3563992382106,-22.0489311326369
3D5Q 3D5Q - minimized,-103.893445947356,-119.18598882952,10.1086271037957,-7.81018177894973,-15.0884803855911,-2.70735754699508,0.0,107.091329853828,,-76.301394363917,11.0705410412093,3.51839617426884,10.1086271037954,0.0,-0.0454339768188756,0.0,0.0,-5.54535189633953,,3.03430363630332,-238.718519432869,-78.4671504160066,20.7053817079411,0.0,-2.21562839159278,0.0,0.0,-191.809512551924,,13.0683902187134,-8498.00382501777,-8667.01311452393,4190.29805630372,-145.772127497955,-596.428645181195,-17.58070676016,-11.894825083508,-2700.10266148734,,-549.509800787398,-238.718519432869,-78.4671504160066,20.7053817079411,0.0,-2.21562839159278,0.0,0.0,-191.809512551924,,13.0683902187134,-8155.39185963755,-8469.3599752784,4159.48404749198,-137.961945719006,-579.124536404011,-14.8733492131649,-11.894825083508,-2615.38447878925,,-486.276796642194,-114.963986988566,-122.70438500379,9.09494701772928e-13,-7.81018177894973,-15.0430464087722,-2.70735754699508,0.0,112.636681750168,,-79.3356980002204,0.0,0.0,0.0,0.0,0.0,0.0,0.0,0.0,,0.0,-2.16444679056991,-3.24667018585487,-21.3280966469483
3D5Q 3D5Q - minimized,-100.598358314905,-74.1726821854299,9.75382161486505,-8.19318941638807,-16.2162646950507,-2.27298366916343,0.0,63.1841509658489,,-72.6812109295834,13.56792719199,1.33421139296944,9.75382161486702,0.0,-0.153283446285741,0.0,0.0,-1.10350838515058,,3.73668601558984,-238.407075962043,-77.5552758831417,22.7580692020575,0.0,-2.29351778492327,0.0,0.0,-196.133348215167,,14.8169967191307,-8600.34592989594,-8803.16134121881,4145.76082220254,-147.023416550755,-603.538081650556,-19.3149796484899,-16.3513060577321,-2540.19944964577,,-616.518177326359,-238.407075962043,-77.5552758831417,22.7580692020575,0.0,-2.29351778492327,0.0,0.0,-196.133348215167,,14.8169967191307,-8261.34049561899,-8651.43338315024,4113.24893138562,-138.830227134367,-585.028299170582,-17.0419959793264,-16.3513060577321,-2407.25025239645,,-558.653963115907,-114.166285506893,-75.5068935784002,-1.81898940354586e-12,-8.19318941638807,-16.0629812487649,-2.27298366916343,0.0,64.2876593509991,,-76.4178969451732,0.0,0.0,0.0,0.0,0.0,0.0,0.0,0.0,,0.0,-2.09579913156051,-3.14369869734077,-20.6516540971392
3D5Q 3D5Q - minimized,-98.1542758230717,-35.6181584576661,12.8686158925339,-8.61821168093095,-16.3702986924787,-2.14261863105556,0.0,24.3019787881526,,-72.5755830416371,16.1710009279029,-4.47924117754206,12.8686158925319,0.0,-0.0171073331081337,0.0,0.0,4.28113587827056,,3.51759766775045,-238.481307073604,-77.5310371782672,22.793173155656,0.0,-2.2963969262734,0.0,0.0,-196.275265373951,,14.8282192492317,-8645.90141131129,-8699.58256119906,4076.71403954086,-150.127616675074,-598.829383326867,-15.9248479975776,-9.93482382774065,-2665.497297157,,-582.718920668829,-238.481307073604,-77.5310371782672,22.793173155656,0.0,-2.2963969262734,0.0,0.0,-196.275265373951,,14.8282192492317,-8309.26582841461,-8586.43336556313,4041.05225049267,-141.509404994143,-580.162687708115,-13.782229366522,-9.93482382774065,-2493.5240105712,,-524.971556876424,-114.325276750973,-31.1389172801246,1.81898940354586e-12,-8.61821168093095,-16.3531913593706,-2.14261863105556,0.0,20.020842909882,,-76.0931807093875,0.0,0.0,0.0,0.0,0.0,0.0,0.0,0.0,,0.0,-2.04488074631399,-3.06732111947099,-20.1499128455752
3D5Q 3D5Q - minimized,-95.5977370696983,-61.6430876204813,13.1290186251636,-8.64706021993618,-16.5686639705142,-1.55439341715973,0.0,49.6628687965595,,-69.9764192633315,19.1561245787957,4.74858712659906,13.1290186251651,0.0,-0.337130706205954,0.0,0.0,-0.793454549645958,,2.40910408288318,-238.280038180238,-76.8866826327883,22.6399777792131,0.0,-2.29768862906483,0.0,0.0,-196.568666987928,,14.8330222903298,-8499.5500804815,-8662.11773833152,4212.23697495087,-146.281520922798,-591.610769109878,-15.8037599935725,-13.9467118879073,-2748.6053190067,,-533.421236179999,-238.280038180238,-76.8866826327883,22.6399777792131,0.0,-2.29768862906483,0.0,0.0,-196.568666987928,,14.8330222903298,-8165.67230523156,-8523.58796807825,4176.4679785465,-137.634460702862,-572.744416510299,-14.2493665764128,-13.9467118879073,-2601.69952081533,,-478.277839206998,-114.753861648494,-66.3916747470812,-1.81898940354586e-12,-8.64706021993618,-16.2315332643083,-1.55439341715973,0.0,50.4563233462054,,-72.3855233462146,0.0,0.0,0.0,0.0,0.0,0.0,0.0,0.0,,0.0,-1.99161952228538,-2.98742928342807,-19.6250856525177
3D5Q 3D5Q - minimized,-102.602355155685,-11.7264140116058,8.98878378375048,-8.75212403218845,-16.9484922110821,-3.21450661038348,0.0,3.28540109659798,,-74.2350031707712,13.5705792439203,0.0441116741844212,8.98878378375039,0.0,0.117461537719481,0.0,0.0,-0.860948592379145,,5.2811708406452,-238.37361648276,-77.1409377597527,23.3027472850453,0.0,-2.30434995045451,0.0,0.0,-196.910876781315,,14.6798007237177,-8493.54801126589,-8725.54561358857,4202.41204379683,-147.129626585463,-602.562442239889,-18.2076183285646,-11.6944442361149,-2654.11694374897,,-536.70336633514,-238.37361648276,-77.1409377597527,23.3027472850453,0.0,-2.30434995045451,0.0,0.0,-196.910876781315,,14.6798007237177,-8152.57203962744,-8636.67826181721,4170.12051272804,-138.377502553275,-583.309600078352,-14.9931117181811,-11.6944442361149,-2460.49146806426,,-477.148163888086,-116.172934399607,-11.7705256857898,0.0,-8.75212403218845,-17.0659537488016,-3.21450661038348,0.0,4.14634968897735,,-79.5161740114164,0.0,0.0,0.0,0.0,0.0,0.0,0.0,0.0,,0.0,-2.13754906574343,-3.20632359861514,-21.0630509654459
3D5Q 3D5Q - minimized,-97.8394829896433,-30.3177926738281,6.92766775864311,-7.60576441761012,-14.7942433100743,-1.48788749218078,0.0,21.1245400771354,,-71.6860029317307,9.55669096298635,-0.96931893514369,6.92766775864403,0.0,0.0993280436082653,0.0,0.0,-0.561586020350205,,4.0606001162282,-238.253987425767,-76.5017645492029,23.2573045204789,0.0,-2.30394721136409,0.0,0.0,-197.391992709242,,14.6864125235625,-8434.89697343445,-8718.31981423712,4200.02842078109,-144.686369934403,-580.321542453889,-16.5535565013796,-10.4483167919698,-2635.17864464377,,-529.417149653011,-238.253987425767,-76.5017645492029,23.2573045204789,0.0,-2.30394721136409,0.0,0.0,-197.391992709242,,14.6864125235625,-8098.80350301904,-8611.50025701409,4169.84344850197,-137.080605516793,-563.22335193245,-15.0656690091988,-10.4483167919698,-2458.91119201166,,-472.417559244843,-107.39617395263,-29.3484737386843,-9.09494701772928e-13,-7.60576441761012,-14.8935713536825,-1.48788749218078,0.0,21.6861260974856,,-75.746603047959,0.0,0.0,0.0,0.0,0.0,0.0,0.0,0.0,,0.0,-2.03832256228424,-3.05748384342635,-20.0852895970737
3D5Q 3D5Q - minimized,-100.43183945979,-68.9973179615008,10.6945187630936,-7.00112718118191,-15.210573817505,-2.80158845555936,0.0,60.2165175584278,,-77.3322683655607,11.0924198553989,-3.48321036685698,10.6945187630931,0.0,0.178393161459707,0.0,0.0,-2.08886565203193,,5.79158394973494,-238.794991525173,-75.6803442620125,20.8146355462947,0.0,-2.31333065381372,0.0,0.0,-194.5550503029,,12.9390981472581,-8488.34173737837,-8526.34675504491,4192.80071773045,-140.751492933897,-608.207152531778,-14.3136868094967,-8.51372360314593,-2799.08310276322,,-583.92654142237,-238.794991525173,-75.6803442620125,20.8146355462947,0.0,-2.31333065381372,0.0,0.0,-194.5550503029,,12.9390981472581,-8149.1149063934,-8381.6690928214,4161.29156342106,-133.750365752715,-590.683248060459,-11.5120983539374,-8.51372360314593,-2664.74457001875,,-519.533371204067,-111.524259315189,-65.5141075946449,9.09494701772928e-13,-7.00112718118191,-15.3889669789647,-2.80158845555936,0.0,62.3053832104597,,-83.1238523152957,0.0,0.0,0.0,0.0,0.0,0.0,0.0,0.0,,0.0,-2.09232998874563,-3.13849498311845,-20.6174697440933
3D5Q 3D5Q - minimized,-100.470698094253,-135.600809239713,7.77372143363391,-7.91429806558625,-15.1805901689718,-2.24633236352992,0.0,122.275729432025,,-69.5781191221063,11.1674745113561,1.09575225951248,7.7737214336334,0.0,0.103744418723116,0.0,0.0,-2.39255250154565,,4.58680890103286,-238.261858777535,-76.874948334126,22.6785934503443,0.0,-2.29787472706845,0.0,0.0,-196.586826758987,,14.8191975923018,-8424.2763764511,-8619.71522568695,4278.64350720245,-140.24343125698,-599.910588345183,-19.3624677547321,-14.4611891293011,-2738.44425833643,,-570.782723143968,-238.261858777535,-76.874948334126,22.6785934503443,0.0,-2.29787472706845,0.0,0.0,-196.586826758987,,14.8191975923018,-8085.54381957931,-8407.23946811311,4248.19119231847,-132.329133191394,-582.432123449143,-17.1161353912022,-14.4611891293011,-2664.13316100947,,-516.023801614164,-111.63817260561,-136.696561499226,0.0,-7.91429806558625,-15.284334587695,-2.24633236352992,0.0,124.668281933571,,-74.1649280231392,0.0,0.0,0.0,0.0,0.0,0.0,0.0,0.0,,0.0,-2.09313954363027,-3.1397093154454,-20.6254469625197
3D5Q 3D5Q - minimized,-91.8059583568365,-48.6410420415959,9.401026281329,-7.82067718638635,-15.7369330727682,-1.57683202717643,0.0,46.7176422107086,,-74.149142520943,14.3156148824467,5.19790005204403,9.40102628132909,0.0,0.0220844392295212,0.0,0.0,-3.82497559354999,,3.51957970339407,-238.431665537952,-76.8970314952541,22.7709621238947,0.0,-2.29901145554135,0.0,0.0,-196.828695205416,,14.8221104943641,-8515.87348009728,-8744.16286917631,4201.72894721886,-140.266202828021,-607.493226301839,-16.6348260060923,-17.3343375216868,-2615.2185572203,,-576.492408261884,-238.431665537952,-76.8970314952541,22.7709621238947,0.0,-2.29901145554135,0.0,0.0,-196.828695205416,,14.8221104943641,-8185.63585620249,-8618.62479563946,4169.55695881363,-132.445525641635,-589.457281773529,-15.0579939789159,-17.3343375216868,-2465.10750422559,,-517.165376235305,-106.121573239282,-53.8389420936401,0.0,-7.82067718638635,-15.7590175119979,-1.57683202717643,0.0,50.5426178042585,,-77.668722224337,0.0,0.0,0.0,0.0,0.0,0.0,0.0,0.0,,0.0,-1.91262413243409,-2.86893619865114,-18.8466782937635
3D5Q 3D5Q - minimized,-99.502992888165,-108.729030220089,6.25891665078052,-8.9970613098549,-15.0072851616243,-1.74640439921474,0.0,98.549003462078,,-69.8311319102431,21.0289903132062,20.3184657811209,6.25891665078224,0.0,1.19225616949548,0.0,0.0,-15.9482018397721,,9.20755355157935,-246.863710425998,-94.0698738475961,24.3446777542625,0.0,-3.46706165779295,0.0,0.0,-183.544169288612,,9.87271661374173,-8434.70523484754,-8677.3232804497,4221.10968061018,-142.569003229373,-591.867145634209,-16.353527326398,-12.1243048734734,-2686.21799596067,,-529.359657983889,-246.863710425998,-94.0698738475961,24.3446777542625,0.0,-3.46706165779295,0.0,0.0,-183.544169288612,,9.87271661374173,-8088.33853153337,-8474.52437638201,4190.50608620514,-133.571941919519,-573.392798814792,-14.6071229271832,-12.1243048734734,-2601.22283013414,,-469.401242687388,-120.531983201372,-129.047496001211,-1.81898940354586e-12,-8.9970613098549,-16.1995413311197,-1.74640439921474,0.0,114.49720530185,,-79.0386854618224,0.0,0.0,0.0,0.0,0.0,0.0,0.0,0.0,,0.0,-2.07297901850344,-3.10946852775515,-20.4267885199875
3D5Q 3D5Q - minimized,-103.436851695971,-88.4814560369523,13.5941020025994,-8.73984982656734,-16.1362083792143,-1.57008961966251,0.0,73.7366824629275,,-75.8400322991022,14.8723395780141,-1.95043589597917,13.5941020025975,0.0,-0.154893542562174,0.0,0.0,-0.807878584898958,,4.19144559885726,-239.261799233833,-77.1664634494773,20.6678136203287,0.0,-2.21781950848188,0.0,0.0,-193.620052810614,,13.0747229144112,-8565.05403675777,-8803.40991015242,4135.25669034355,-146.620995477246,-593.365831689819,-14.5785746605556,-1.32575993640559,-2609.06231700388,,-531.947338180991,-239.261799233833,-77.1664634494773,20.6678136203287,0.0,-2.21781950848188,0.0,0.0,-193.620052810614,,13.0747229144112,-8222.35538582797,-8637.76199066599,4100.99477472062,-137.881145650678,-575.011803802123,-13.0084850408931,-1.32575993640559,-2489.17894665619,,-469.1820287963,-118.309191273986,-86.5310201409739,1.81898940354586e-12,-8.73984982656734,-15.9813148366521,-1.57008961966251,0.0,74.5445610478264,,-80.0314778979593,0.0,0.0,0.0,0.0,0.0,0.0,0.0,0.0,,0.0,-2.15493441033273,-3.2324016154991,-21.2343632431405
3D5Q 3D5Q - minimized,-95.0540451129955,-123.63805449308,7.98444200199265,-7.61056578863526,-15.1796711418314,-1.71150479163752,0.0,115.905293084853,,-70.8039839846548,21.3303798848017,16.61251273583,7.98444200199244,0.0,1.30171981763628,0.0,0.0,-14.2535613966838,,9.68526672602694,-247.067405120411,-94.0917264908964,24.3388256155029,0.0,-3.46700217761163,0.0,0.0,-183.741381068072,,9.89387900066603,-8529.42385043465,-8688.03647981495,4178.19101251004,-142.404987743297,-593.955363894024,-14.387907891188,-2.2978424830154,-2655.32025123887,,-611.212029879342,-247.067405120411,-94.0917264908964,24.3388256155029,0.0,-3.46700217761163,0.0,0.0,-183.741381068072,,9.89387900066603,-8187.30240020124,-8470.30669883097,4145.86774489255,-134.794421954662,-575.308690574581,-12.6764030995505,-2.2978424830154,-2587.48416325565,,-550.301924895353,-116.384424997798,-140.25056722891,0.0,-7.61056578863526,-16.4813909594677,-1.71150479163752,0.0,130.158854481537,,-80.4892507106817,0.0,0.0,0.0,0.0,0.0,0.0,0.0,0.0,,0.0,-1.98029260652074,-2.97043890978111,-19.5134721191231
3D5Q 3D5Q - minimized,-99.5375836860012,-70.4261626219868,9.61516824943283,-7.74632388034632,-15.7801525921237,-1.79926469155827,0.0,55.5199857508687,,-68.9208339002835,18.9914778844255,8.0366381749101,9.61516824943439,0.0,1.3025858499818,0.0,0.0,-10.7791549593727,,10.8162405694718,-245.298781837733,-87.8915556722564,22.8651461098161,0.0,-3.44626872457418,0.0,0.0,-184.68139000633,,7.85528645561196,-8498.19381314029,-8685.96718495209,4174.07804302595,-138.97169301427,-591.355020060564,-12.829331421736,-13.5642327862795,-2645.99465259517,,-583.589741336136,-245.298781837733,-87.8915556722564,22.8651461098161,0.0,-3.44626872457418,0.0,0.0,-184.68139000633,,7.85528645561196,-8153.35744761656,-8527.64946665785,4141.59772866671,-131.225369133924,-572.128598743866,-11.0300667301777,-13.5642327862795,-2516.83324833971,,-522.524193891465,-118.529061570428,-78.4628007968968,-1.81898940354586e-12,-7.74632388034632,-17.0827384421056,-1.79926469155827,0.0,66.2991407102413,,-79.7370744697554,0.0,0.0,0.0,0.0,0.0,0.0,0.0,0.0,,0.0,-2.07369966012502,-3.11054949018754,-20.4338896019915
3D5Q 3D5Q - minimized,-89.2952937685477,-56.7061807879436,7.58048840088304,-7.67896340991183,-14.2559581941937,-1.48516994955382,0.0,46.9883485677819,,-63.7378583956101,22.4251455969101,19.7507255702702,7.5804884008811,0.0,1.23091929304957,0.0,0.0,-15.3819171062445,,9.24492943895373,-246.550074553277,-94.1376613985386,24.3481324379978,0.0,-3.46720727586974,0.0,0.0,-183.196533983413,,9.90319566654685,-8468.80518545621,-8784.92081695885,4158.58605517049,-138.878786589094,-599.344834357861,-11.9321403951384,-3.25685343434129,-2566.90943644099,,-522.148372450433,-246.550074553277,-94.1376613985386,24.3481324379978,0.0,-3.46720727586974,0.0,0.0,-183.196533983413,,9.90319566654685,-8132.95981713439,-8634.07697477236,4126.65743433161,-131.199823179182,-581.621668887797,-10.4469704455846,-3.25685343434129,-2430.70125102536,,-468.31370972137,-111.720439365457,-76.4569063582148,2.72848410531878e-12,-7.67896340991183,-15.4868774872433,-1.48516994955382,0.0,62.3702656740261,,-72.9827878345639,0.0,0.0,0.0,0.0,0.0,0.0,0.0,0.0,,0.0,-1.86031862017808,-2.79047793026712,-18.33126852466
3D5Q 3D5Q - minimized,-99.7423320544876,-123.435049487176,11.9899992878154,-8.70155745850158,-15.7159064927941,-1.87831955771714,0.0,113.507033675481,,-75.5085320215942,16.7088506819106,-0.620325015772266,11.9899992878163,0.0,-0.0121058834450585,0.0,0.0,2.27541091920034,,3.07587137411108,-238.59138320831,-76.8676749230824,22.7492622628022,0.0,-2.29418131512713,0.0,0.0,-196.985043986211,,14.8062547533082,-8459.94041314872,-8713.96303351702,4187.32207670735,-138.675572487525,-585.881324689874,-13.0434907042727,-11.1393586481109,-2639.7974150085,,-544.762294800773,-238.59138320831,-76.8676749230824,22.7492622628022,0.0,-2.29418131512713,0.0,0.0,-196.985043986211,,14.8062547533082,-8121.60669788593,-8513.66030910677,4152.58281515674,-129.974015029024,-567.871236881953,-11.1651711465555,-11.1393586481109,-2556.31940469777,,-484.060017532487,-116.451182736399,-122.814724471404,-9.09494701772928e-13,-8.70155745850158,-15.7038006093492,-1.87831955771714,0.0,111.231622756281,,-78.5844033957054,0.0,0.0,0.0,0.0,0.0,0.0,0.0,0.0,,0.0,-2.07796525113516,-3.11694787670274,-20.4759220223387
3D5Q 3D5Q - minimized,-96.975058339237,-52.180645837394,11.0941771413554,-8.50654090856079,-16.408798901036,-2.14096670250833,0.0,45.5095648284168,,-74.3418479595151,14.5328773626922,5.84039616052161,11.0941771413549,0.0,-0.0293296183860008,0.0,0.0,-4.31006316812875,,1.93769684733052,-237.074648812931,-87.7851095445419,24.1656264639968,0.0,-2.27076134935911,0.0,0.0,-187.797742359375,,16.6133379763481,-8456.28016745092,-8712.30778969622,4261.99038708239,-141.877328267,-587.111488246864,-14.2002235615727,-16.0883827850656,-2666.27526773955,,-580.410074237035,-237.074648812931,-87.7851095445419,24.1656264639968,0.0,-2.27076134935911,0.0,0.0,-187.797742359375,,16.6133379763481,-8122.23046029875,-8572.34203431428,4226.73058347704,-133.37078735844,-568.431927996469,-12.0592568590644,-16.0883827850656,-2523.9870902086,,-522.681564253868,-111.50793570193,-58.0210419979157,9.09494701772928e-13,-8.50654090856079,-16.37946928265,-2.14096670250833,0.0,49.8196279965455,,-76.2795448068456,0.0,0.0,0.0,0.0,0.0,0.0,0.0,0.0,,0.0,-2.02031371540077,-3.03047057310116,-19.9078334320601
3D5Q 3D5Q - minimized,-106.00289808557,-159.140479199448,6.38402714156291,-8.47476626296236,-16.4639817679606,-2.6435502060493,0.0,146.173413715094,,-71.8375615058071,10.6485638911691,0.380790646128844,6.38402714156213,0.0,0.0800402434593313,0.0,0.0,-0.649607838777229,,4.45331369879586,-238.35731824608,-76.5439556116478,22.7230261736915,0.0,-2.30394372090863,0.0,0.0,-196.830160756666,,14.5977156694513,-8531.39337190682,-8716.76250339408,4199.55142607168,-144.010566547788,-592.061375631588,-13.0015050654615,-11.1217235540836,-2686.76988200551,,-567.217241779982,-238.35731824608,-76.5439556116478,22.7230261736915,0.0,-2.30394372090863,0.0,0.0,-196.830160756666,,14.5977156694513,-8187.03315557517,-8481.07806858298,4170.44437275642,-135.535800284826,-573.293450142719,-10.3579548594122,-11.1217235540836,-2636.11313496394,,-509.977395943627,-116.651461976739,-159.521269845576,9.09494701772928e-13,-8.47476626296236,-16.5440220114199,-2.6435502060493,0.0,146.823021553872,,-76.290875204603,0.0,0.0,0.0,0.0,0.0,0.0,0.0,0.0,,0.0,-2.20839371011605,-3.31259056517408,-21.7611422415545
3D5Q 3D5Q - minimized,-87.627152525225,-83.3638214548973,6.14061865261829,-8.24793085721515,-14.3731768901582,-2.58266118873781,0.0,80.5005943985284,,-65.7007751853666,20.8977268826553,13.8322641432925,6.14061865261879,0.0,1.33694372242552,0.0,0.0,-10.3839385342091,,9.97183889852753,-246.87979031644,-94.0898494067711,24.3239357647436,0.0,-3.46684886719781,0.0,0.0,-183.539182931057,,9.89215512384203,-8551.94921317323,-8908.00658822996,4205.1892995236,-143.329547747435,-594.382342053637,-16.4767619539128,-16.8626464613362,-2510.49126329532,,-567.58936295524,-246.87979031644,-94.0898494067711,24.3239357647436,0.0,-3.46684886719781,0.0,0.0,-183.539182931057,,9.89215512384203,-8217.44227033157,-8730.55291736829,4174.72474510624,-135.08161689022,-576.542316296281,-13.894100765175,-16.8626464613362,-2407.45267476279,,-511.780742893715,-108.52487940788,-97.1960855981906,-9.09494701772928e-13,-8.24793085721515,-15.7101206125836,-2.58266118873781,0.0,90.8845329327373,,-75.6726140838941,0.0,0.0,0.0,0.0,0.0,0.0,0.0,0.0,,0.0,-1.82556567760885,-2.73834851641328,-17.9888188413915
3D5Q 3D5Q - minimized,-90.0010100742802,-54.3516826817377,9.16813072648074,-8.50853885104024,-14.5250698038564,-2.15925926813837,0.0,47.8975786083847,,-67.5221688043657,11.3020711838661,1.86429235503486,9.16813072648047,0.0,0.0478782677922078,0.0,0.0,-5.78575284828116,,6.0075226828398,-238.881743927024,-78.2999949047217,20.7050877437045,0.0,-2.2174937582031,0.0,0.0,-192.124941846236,,13.0555988384327,-8548.37633302484,-8706.58013117163,4154.4874988696,-146.916054859886,-600.78816825362,-15.1667385083311,-15.8772869143666,-2642.69769183457,,-574.837760352041,-238.881743927024,-78.2999949047217,20.7050877437045,0.0,-2.2174937582031,0.0,0.0,-192.124941846236,,13.0555988384327,-8219.49357902354,-8573.92845358517,4124.61428039942,-138.407516008846,-584.045604691561,-13.0074792401927,-15.8772869143666,-2498.47032859672,,-520.371190386108,-101.303081258147,-56.2159750367737,0.0,-8.50853885104024,-14.5729480716485,-2.15925926813837,0.0,53.6833314566661,,-73.5296914872056,0.0,0.0,0.0,0.0,0.0,0.0,0.0,0.0,,0.0,-1.87502104321417,-2.81253156482126,-18.4761437421171
3D5Q 3D5Q - minimized,-90.8565882622906,-55.3558486837155,12.4368806731163,-8.34770972322144,-13.3224095952432,-2.36423065908697,0.0,39.9214432751269,,-63.824713549271,22.4386639070988,6.92658206987021,12.4368806731141,0.0,2.21170695291718,0.0,0.0,-12.3744496205371,,13.2379438317346,-245.985178382055,-88.9454593412096,22.4485212282128,0.0,-4.550298019325,0.0,0.0,-180.351408718965,,5.4134664692326,-8521.58307466948,-8600.34316410035,4190.87190374696,-144.760938194518,-585.243082354102,-17.9784979178184,-10.3938281831329,-2815.84501278591,,-537.890454880611,-245.985178382055,-88.9454593412096,22.4485212282128,0.0,-4.550298019325,0.0,0.0,-180.351408718965,,5.4134664692326,-8184.74130802514,-8456.04185607543,4155.98650184563,-136.413228471297,-567.370374739534,-15.6142672587314,-10.3938281831329,-2675.41504734207,,-479.479207800573,-113.295252169389,-62.2824307535866,1.81898940354586e-12,-8.34770972322144,-15.5341165481603,-2.36423065908697,0.0,52.2958928956641,,-77.0626573810056,0.0,0.0,0.0,0.0,0.0,0.0,0.0,0.0,,0.0,-1.89284558879772,-2.83926838319658,-18.6517838329478
3D5Q 3D5Q - minimized,-81.0040650799465,-53.7726059740817,9.95035535759689,-8.03095200886119,-14.7744941694469,-1.70296145362027,0.0,52.0839031949886,,-64.7573100265257,22.5354629106309,13.67024700762,9.95035535759651,0.0,1.16380751990792,0.0,0.0,-10.2861797220276,,8.03723274753418,-246.585824251594,-94.1195108816515,24.3547622590824,0.0,-3.46748968490605,0.0,0.0,-183.239441583933,,9.88585563981377,-8368.86032088261,-8484.53056290565,4218.79234747701,-140.676996044979,-579.688140724795,-13.4058384063365,-12.9953770163878,-2887.88175088334,,-468.474002378134,-246.585824251594,-94.1195108816515,24.3547622590824,0.0,-3.46748968490605,0.0,0.0,-183.239441583933,,9.88585563981377,-8041.27043155107,-8336.63844604992,4184.48722986033,-132.646044036117,-561.446156870442,-11.7028769527163,-12.9953770163878,-2756.72621249439,,-413.602547991422,-103.539527990577,-67.4428529817014,0.0,-8.03095200886119,-15.9383016893548,-1.70296145362027,0.0,62.3700829170161,,-72.7945427740599,0.0,0.0,0.0,0.0,0.0,0.0,0.0,0.0,,0.0,-1.68758468916555,-2.53137703374833,-16.6291772600961
3D5Q 3D5Q - minimized,-96.3399171607616,-65.3989713948795,4.6116920239765,-8.5253667015858,-14.186644365202,-3.81068241974151,0.0,60.4249800793691,,-69.4549243826964,20.2367511946587,25.0834472534366,4.61169202397351,0.0,1.16790444472181,0.0,0.0,-17.5658954369965,,6.93960290952312,-246.869128938637,-94.0989096261645,24.3335774926056,0.0,-3.4669627122559,0.0,0.0,-183.54080763226,,9.90397353943793,-8580.6609423881,-8650.56849184668,4085.14941738842,-134.910513888683,-580.56497898147,-12.250219659559,-17.0438387433435,-2669.90168001718,,-600.570636639597,-246.869128938637,-94.0989096261645,24.3335774926056,0.0,-3.4669627122559,0.0,0.0,-183.54080763226,,9.90397353943793,-8237.4518962887,-8491.07061082564,4056.20414787184,-126.385147187098,-562.911371904012,-8.43953723981748,-17.0438387433435,-2546.78585246429,,-541.019685796339,-116.576668355421,-90.4824186483147,2.72848410531878e-12,-8.5253667015858,-15.3545488099238,-3.81068241974151,0.0,77.9908755163656,,-76.3945272922194,0.0,0.0,0.0,0.0,0.0,0.0,0.0,0.0,,0.0,-2.00708160751587,-3.0106224112738,-19.7774464541766
3D5Q 3D5Q - minimized,-88.5721023273773,-68.8286700500339,5.86413353975149,-7.36397450070166,-15.8252638019745,-1.84506263167348,0.0,68.8392062784028,,-69.4124711611474,19.4232820604619,16.9698093640577,5.86413353974859,0.0,1.13506246375951,0.0,0.0,-12.9512475818603,,8.40552427475646,-246.840252116001,-94.107761780066,24.3480285661833,0.0,-3.46851552042617,0.0,0.0,-183.504935216301,,9.89293183460833,-8446.99934402898,-8837.00929578605,4209.37274327706,-145.179463392283,-589.707025831597,-14.1225945317933,-14.1650148697721,-2530.96211878879,,-525.226574105752,-246.840252116001,-94.107761780066,24.3480285661833,0.0,-3.46851552042617,0.0,0.0,-183.504935216301,,9.89293183460833,-8111.58698958561,-8674.07286395595,4179.16058117112,-137.815488891582,-570.413246509196,-12.2775319001198,-14.1650148697721,-2416.29638985089,,-465.707034779213,-107.995384387838,-85.7984794140921,2.72848410531878e-12,-7.36397450070166,-16.960326265734,-1.84506263167348,0.0,81.7904538602634,,-77.8179954359038,0.0,0.0,0.0,0.0,0.0,0.0,0.0,0.0,,0.0,-1.84525213182036,-2.76787819773054,-18.1828058684175
3D5Q 3D5Q - minimized,-96.0342729260574,-120.748576185406,11.9199901034935,-7.98256674980797,-16.1710768916004,-2.38243339016721,0.0,109.422399922055,,-70.0920097346291,13.7971324731616,-2.48812433859136,11.9199901034913,0.0,0.0676335965502655,0.0,0.0,-0.800296016994253,,5.09792912870571,-238.667912829368,-75.5964276351647,20.7443239927925,0.0,-2.31855409463953,0.0,0.0,-194.435173839046,,12.9379187466898,-8473.30978268239,-8511.01837695468,4190.6325132054,-139.130563798083,-600.23748321419,-13.8104791810391,-12.7501480155647,-2800.00302198191,,-586.992222742327,-238.667912829368,-75.5964276351647,20.7443239927925,0.0,-2.31855409463953,0.0,0.0,-194.435173839046,,12.9379187466898,-8138.60759692696,-8314.67337313411,4157.96819910912,-131.147997048275,-581.74785222795,-11.4280457908718,-12.7501480155647,-2714.99024806492,,-529.838131754388,-109.831405399218,-118.260451846814,1.81898940354586e-12,-7.98256674980797,-16.2387104881507,-2.38243339016721,0.0,110.222695939049,,-75.1899388633348,0.0,0.0,0.0,0.0,0.0,0.0,0.0,0.0,,0.0,-2.00071401929286,-3.00107102893929,-19.7147013048756
3D5Q 3D5Q - minimized,-96.6459393567638,-75.5996333569492,9.51121448586673,-8.56871773018391,-14.8583349910105,-2.04401745998765,0.0,62.6395167175533,,-67.7259670220557,10.8554095340652,-2.08625581109759,9.51121448586881,0.0,0.168652188586503,0.0,0.0,-2.98958006165515,,6.25137873236245,-238.806624744229,-77.1207939237035,20.6522313807625,0.0,-2.21645078950492,0.0,0.0,-193.183082947938,,13.061471536155,-8606.21956460186,-8616.13534951501,4147.34330281894,-136.320643799612,-595.072490141391,-16.2400613242579,-15.1618723399714,-2712.49407031746,,-662.138379983101,-238.806624744229,-77.1207939237035,20.6522313807625,0.0,-2.21645078950492,0.0,0.0,-193.183082947938,,13.061471536155,-8270.76700050087,-8463.41492223436,4117.17985695231,-127.751926069428,-577.997704360875,-14.1960438642702,-15.1618723399714,-2581.95050408707,,-607.4738844972,-107.50134889083,-73.5133775458507,-1.81898940354586e-12,-8.56871773018391,-15.026987179597,-2.04401745998765,0.0,65.6290967792083,,-73.9773457544181,0.0,0.0,0.0,0.0,0.0,0.0,0.0,0.0,,0.0,-2.01345706993258,-3.02018560489887,-19.8402691944653
3D5Q 3D5Q - minimized,-101.060615265033,-38.1608869123138,9.43335454478256,-8.21510489001093,-15.7933359860106,-2.55288741858526,0.0,24.7132482739157,,-70.4850028768146,12.2414711664005,-0.805363397686676,9.43335454477941,0.0,0.026556679590537,0.0,0.0,-3.27716345936608,,6.86408679908298,-238.750374080198,-75.5676704739161,20.6899334219446,0.0,-2.32457427428442,0.0,0.0,-194.509976864366,,12.9619141104246,-8562.83073044191,-8707.84469123802,4174.38036146737,-140.61356579574,-593.123925594708,-18.4750522441201,-14.4284678421542,-2654.41639566951,,-608.308993525027,-238.750374080198,-75.5676704739161,20.6899334219446,0.0,-2.32457427428442,0.0,0.0,-194.509976864366,,12.9619141104246,-8223.01974109668,-8594.11613385178,4144.25707350064,-132.398460905729,-575.006015334413,-15.9221648255348,-14.4284678421542,-2484.61966707906,,-550.785904758637,-113.302086431433,-37.3555235146268,2.72848410531878e-12,-8.21510489001093,-15.8198926656011,-2.55288741858526,0.0,27.9904117332817,,-77.3490896758976,0.0,0.0,0.0,0.0,0.0,0.0,0.0,0.0,,0.0,-2.10542948468818,-3.15814422703227,-20.7465499860776
3D5Q 3D5Q - minimized,-90.9515637402274,-38.2886460803511,10.9967764054809,-8.4740233309883,-15.4543019390063,-2.81334948564985,0.0,33.2954834579018,,-70.2135027676209,12.5032762024608,-0.364017871700383,10.9967764054842,0.0,-0.0497754667215724,0.0,0.0,-1.57436667951015,,3.49465981490854,-238.862878942381,-75.6201334620046,20.7320123297336,0.0,-2.31978746378857,0.0,0.0,-194.604575322363,,12.949604976042,-8642.46228591692,-8670.2954256825,4175.62579704332,-147.093012266864,-607.766536973203,-16.0384742823271,-16.1560176339826,-2723.82961644682,,-636.908999674544,-238.862878942381,-75.6201334620046,20.7320123297336,0.0,-2.31978746378857,0.0,0.0,-194.604575322363,,12.949604976042,-8312.64784323431,-8556.38664614014,4143.8970083081,-138.618988935876,-589.992447570408,-13.2251247966772,-16.1560176339826,-2562.52052458236,,-579.645101882965,-103.454839942688,-37.9246282086515,-2.72848410531878e-12,-8.4740233309883,-15.4045264722847,-2.81334948564985,0.0,34.869850137412,,-73.7081625825293,0.0,0.0,0.0,0.0,0.0,0.0,0.0,0.0,,0.0,-1.89482424458807,-2.8422363668821,-18.6712811761541
3D5Q 3D5Q - minimized,-107.76517113467,-164.995864429226,7.27210932588787,-9.08175834061618,-16.4400045501113,-2.47753955507698,0.0,147.432117765228,,-69.4742313507619,12.8672307760906,0.716514569692023,7.27210932589027,0.0,0.0744953569420805,0.0,0.0,-0.949057400333345,,5.75316892389982,-238.397760744144,-76.9040274883336,22.8202020081257,0.0,-2.29746490527506,0.0,0.0,-196.833185275639,,14.8167149169777,-8535.19937859818,-8601.50959882423,4221.87063514757,-138.967281970123,-599.500150179942,-16.528104077518,-14.4951139495633,-2704.74593550537,,-681.323829239005,-238.397760744144,-76.9040274883336,22.8202020081257,0.0,-2.29746490527506,0.0,0.0,-196.833185275639,,14.8167149169777,-8189.03644671936,-8359.60970690667,4191.77832381356,-129.885523629506,-580.762680724555,-14.050564522441,-14.4951139495633,-2655.34486799496,,-626.666312805221,-120.632401910761,-165.712378998918,-2.72848410531878e-12,-9.08175834061618,-16.5144999070534,-2.47753955507698,0.0,148.381175165562,,-75.2274002746618,0.0,0.0,0.0,0.0,0.0,0.0,0.0,0.0,,0.0,-2.24510773197229,-3.36766159795843,-22.1229160721053
3D5Q 3D5Q - minimized,-89.2969712147678,-1.89506198734853,6.88409735032928,-8.36111744613308,-14.2823459863396,-2.34254708282559,0.0,-1.00896859240402,,-68.2910274700488,9.56540818226495,3.16046881437182,6.88409735032689,0.0,0.101845342488718,0.0,0.0,-5.71625845124061,,5.13525512631797,-238.614937540537,-78.4291499698801,20.6829250591137,0.0,-2.21743161258873,0.0,0.0,-191.717676333918,,13.0663953167368,-8517.1487161093,-8680.12070612386,4148.30024668388,-139.17140964507,-588.869042347741,-17.8283856698042,-14.7291166164533,-2670.55467897214,,-554.175623418114,-238.614937540537,-78.4291499698801,20.6829250591137,0.0,-2.21743161258873,0.0,0.0,-191.717676333918,,13.0663953167368,-8189.236807354,-8599.79649416663,4120.73322427443,-130.810292198937,-572.369264748812,-15.4858385869786,-14.7291166164533,-2477.82803404581,,-498.950991264802,-98.8623793970328,-5.05553080171921,1.81898940354586e-12,-8.36111744613308,-14.3841913288283,-2.34254708282559,0.0,4.70728985883625,,-73.4262825963667,0.0,0.0,0.0,0.0,0.0,0.0,0.0,0.0,,0.0,-1.86035356697433,-2.79053035046149,-18.331612884545
3D5Q 3D5Q - minimized,-89.2409617226494,-15.7089430200831,6.45920970514635,-9.47849260091239,-15.7395215607655,-2.48003806077903,0.0,10.0080968605589,,-62.3012730458173,20.1208784383454,17.0835385917159,6.45920970514559,0.0,1.31182723761258,0.0,0.0,-14.3733277217665,,9.6396306256375,-246.637214523545,-94.1130713673743,24.3361384699434,0.0,-3.46854139255962,0.0,0.0,-183.286604395921,,9.89486416236663,-8634.59443190419,-8606.49127010052,4184.66316247235,-135.397614315595,-607.901084323854,-15.338871243962,-16.0092364280085,-2773.33913641293,,-664.780381551679,-246.637214523545,-94.1130713673743,24.3361384699434,0.0,-3.46854139255962,0.0,0.0,-183.286604395921,,9.89486416236663,-8298.716255658,-8496.66925571306,4153.86781429726,-125.919121714683,-588.693021370529,-12.8588331831829,-16.0092364280085,-2600.06062887756,,-612.373972668229,-109.361840160995,-32.7924816117993,9.09494701772928e-13,-9.47849260091239,-17.0513487983781,-2.48003806077903,0.0,24.3814245823251,,-71.9409036714549,0.0,0.0,0.0,0.0,0.0,0.0,0.0,0.0,,0.0,-1.8591867025552,-2.7887800538328,-18.3201147977297
3D5Q 3D5Q - minimized,-99.1729637031322,-45.7386627666656,12.0084939669805,-10.6396933761427,-15.0701767685098,-4.21369242382453,0.0,36.1837035569088,,-71.7029358918742,13.3955052500892,-3.30109100410829,12.0084939669787,0.0,0.0545802348612976,0.0,0.0,-0.511026824307351,,5.14454887666471,-238.642704350998,-77.0737136523002,20.662080663518,0.0,-2.21026758390319,0.0,0.0,-193.097210515199,,13.076406736886,-8504.15398538566,-8697.19530963972,4216.49571925871,-142.982202701841,-585.521519220472,-16.0779053110529,-13.9366010678885,-2632.15686819572,,-632.77929850768,-238.642704350998,-77.0737136523002,20.662080663518,0.0,-2.21026758390319,0.0,0.0,-193.097210515199,,13.076406736886,-8166.33831733153,-8574.38293322075,4183.82514462821,-132.342509325698,-568.241074868059,-11.8642128872284,-13.9366010678885,-2475.24336123743,,-574.152769352691,-112.56846895322,-42.4375717625571,1.81898940354586e-12,-10.6396933761427,-15.1247570033711,-4.21369242382453,0.0,36.6947303812162,,-76.8474847685389,0.0,0.0,0.0,0.0,0.0,0.0,0.0,0.0,,0.0,-2.06610341048192,-3.09915511572288,-20.3590374285639
3D5Q 3D5Q - minimized,-92.3694828982534,-103.988013644941,9.89451240218568,-9.59431306060134,-14.1640693247315,-3.25846088963404,0.0,90.9727781659999,,-62.2319165465341,11.6657896628872,-3.57636576702389,9.89451240218996,0.0,0.0505406380659421,0.0,0.0,2.4294567176737,,2.86764567198149,-238.444162072816,-77.5599020964318,22.7835495644364,0.0,-2.29646079938078,0.0,0.0,-196.199674734338,,14.8283259928983,-8545.72945202221,-8582.7207278296,4165.01277342651,-140.336437822461,-597.146370905693,-15.0512239262808,-11.2058268241027,-2747.71093812442,,-616.570700016175,-238.444162072816,-77.5599020964318,22.7835495644364,0.0,-2.29646079938078,0.0,0.0,-196.199674734338,,14.8283259928983,-8214.91580705114,-8401.17281208823,4132.33471145989,-130.742124761859,-580.685840781581,-11.7927630366468,-11.2058268241027,-2642.48404155608,,-569.167109462539,-104.035272561141,-100.411647877916,-3.63797880709171e-12,-9.59431306060134,-14.2146099627975,-3.25846088963404,0.0,88.5433214483264,,-65.0995622185155,0.0,0.0,0.0,0.0,0.0,0.0,0.0,0.0,,0.0,-1.92436422704695,-2.88654634057042,-18.9623632224197
3D5Q 3D5Q - minimized,-104.532109857711,-86.4474110918945,9.34040706975338,-9.69335260445411,-16.1321094128753,-3.36891186099316,0.0,71.5470723710509,,-69.7778043283063,13.0820787129419,7.04291704302592,9.34040706975073,0.0,0.0498745464618233,0.0,0.0,-7.91763294808356,,4.56651300178686,-237.054047707497,-87.4577766595217,23.3063075078944,0.0,-2.27686689984644,0.0,0.0,-185.220432153841,,14.5947204978172,-8565.54579614441,-8461.57781196062,4156.45391100464,-141.728600751808,-594.46997812671,-13.8420822992244,-13.7399221095105,-2913.5395224541,,-583.101789447091,-237.054047707497,-87.4577766595217,23.3063075078944,0.0,-2.27686689984644,0.0,0.0,-185.220432153841,,14.5947204978172,-8223.9596385792,-8287.6726242092,4123.80719642699,-132.035248147354,-576.061001813989,-10.4731704382313,-13.7399221095105,-2799.86616267131,,-527.918705616602,-117.614188570653,-93.4903281349198,2.72848410531878e-12,-9.69335260445411,-16.1819839593371,-3.36891186099316,0.0,79.4647053191347,,-74.3443173300932,0.0,0.0,0.0,0.0,0.0,0.0,0.0,0.0,,0.0,-2.17775228870232,-3.26662843305348,-21.4592068000554
3D5Q 3D5Q - minimized,-104.858021248341,-126.705347242036,12.1482423247071,-9.7706771674782,-16.0012109816749,-5.24248253011592,0.0,112.701326635529,,-71.9878722872785,14.0412518591695,-5.67005242118178,12.1482423247059,0.0,-0.017044377108582,0.0,0.0,2.88518584733993,,4.69492048541428,-238.75004292203,-77.0851294994358,20.6293704645154,0.0,-2.21568805994799,0.0,0.0,-193.150672819339,,13.0720769921774,-8545.42189503512,-8609.59028174579,4112.14407020096,-141.193607815863,-600.164938703554,-11.8110538910599,-17.8282251420801,-2742.59797050306,,-534.379887434679,-238.75004292203,-77.0851294994358,20.6293704645154,0.0,-2.21568805994799,0.0,0.0,-193.150672819339,,13.0720769921774,-8201.81383086475,-8405.79980500432,4079.36645741174,-131.422930648385,-581.948039661931,-6.56857136094401,-17.8282251420801,-2662.14862431925,,-475.464092139578,-118.899273107512,-121.035294820853,1.36424205265939e-12,-9.7706771674782,-15.9841666045663,-5.24248253011592,0.0,109.816140788189,,-76.6827927726928,0.0,0.0,0.0,0.0,0.0,0.0,0.0,0.0,,0.0,-2.18454210934044,-3.27681316401066,-21.5261125569519
3D5Q 3D5Q - minimized,-89.0716770645176,-107.049124421443,5.26103818292358,-10.9371235101805,-13.3765067069847,-4.806058526578,0.0,101.434254456431,,-59.5981565386933,21.3677415302105,13.5359450417508,5.26103818292306,0.0,2.5705712943108,0.0,0.0,-13.0457657057599,,13.0459527169857,-248.112988745765,-93.8915968816752,23.3376039531764,0.0,-4.69866325534516,0.0,0.0,-180.019791851732,,7.15945928981121,-8639.9944627479,-8671.02215187224,4107.49847537316,-144.431753854112,-608.247593113617,-16.9308848952472,-14.3487503980382,-2689.59923351814,,-602.912570469667,-248.112988745765,-93.8915968816752,23.3376039531764,0.0,-4.69866325534516,0.0,0.0,-180.019791851732,,7.15945928981121,-8302.80979693762,-8470.08143056912,4078.89983323706,-133.494630343932,-590.172423151287,-12.1248263686692,-14.3487503980382,-2611.01369612284,,-550.473873220785,-110.439418594728,-120.585069463194,4.54747350886464e-13,-10.9371235101805,-15.9470780012956,-4.806058526578,0.0,114.48002016219,,-72.6441092556789,0.0,0.0,0.0,0.0,0.0,0.0,0.0,0.0,,0.0,-1.85565993884412,-2.78348990826618,-18.2853626580104
3D5Q 3D5Q - minimized,-104.85631259609,-117.907449385932,10.3190061636114,-10.1950340233063,-17.8215408217467,-3.54790455135833,0.0,113.430177884101,,-79.133567861457,13.2787357431521,-2.40960937928639,10.3190061636142,0.0,0.288489008553315,0.0,0.0,2.8365279211996,,2.2443220290715,-236.629148882452,-80.2285520296962,21.2792954117893,0.0,-2.47376501283752,0.0,0.0,-191.615632141438,,16.4095048897303,-8518.0250201219,-8695.88734923332,4178.21697808024,-149.231600065086,-598.851674148579,-16.708334935474,-19.5275595338442,-2696.32435235212,,-519.711127933713,-236.629148882452,-80.2285520296962,21.2792954117893,0.0,-2.47376501283752,0.0,0.0,-191.615632141438,,16.4095048897303,-8176.53955864336,-8497.75134781769,4146.61867650484,-139.03656604178,-578.556368313995,-13.1604303841157,-19.5275595338442,-2618.13889809478,,-456.987064961987,-118.135048339242,-115.497840006645,-2.72848410531878e-12,-10.1950340233063,-18.1100298302999,-3.54790455135833,0.0,110.593649962902,,-81.3778898905284,0.0,0.0,0.0,0.0,0.0,0.0,0.0,0.0,,0.0,-2.18450651241854,-3.27675976862781,-21.5257617908375
3D5Q 3D5Q - minimized,-110.816845135233,-146.394625370245,13.2974970667401,-10.443774079513,-16.5636397841444,-5.16049586459922,0.0,127.216643702796,,-72.7684508062661,15.5766422004043,1.8829522514032,13.2974970667407,0.0,0.131375029864886,0.0,0.0,-2.89465809127103,,3.15947594366657,-237.240984033362,-84.5107730165836,21.150547548458,0.0,-2.25244196385423,0.0,0.0,-188.304863502611,,16.6765469012281,-8431.01642167056,-8782.87960161806,4225.6382493971,-144.418785540167,-592.669211814255,-17.3110867028305,-13.4052570316865,-2631.03130050518,,-474.939427855487,-237.240984033362,-84.5107730165836,21.150547548458,0.0,-2.25244196385423,0.0,0.0,-188.304863502611,,16.6765469012281,-8082.95859250196,-8551.97420323123,4191.1902047819,-133.975011460653,-573.853130066257,-12.1505908382313,-13.4052570316865,-2569.94308070536,,-418.847523950449,-126.393487335637,-148.277577621648,0.0,-10.443774079513,-16.6950148140093,-5.16049586459922,0.0,130.111301794067,,-75.9279267499326,0.0,0.0,0.0,0.0,0.0,0.0,0.0,0.0,,0.0,-2.30868427365069,-3.46302641047603,-22.7493886799344
3D5Q 3D5Q - minimized,-126.136792293095,-143.977972918265,10.0329589801604,-10.7123636585779,-19.6649412870416,-3.98134434770152,0.0,128.914495900892,,-86.7476249625546,14.6817123719298,4.32845241981148,10.0329589801653,0.0,0.246696737037086,0.0,0.0,-4.73659957542486,,4.81020381034086,-231.118698468331,-87.6110227502388,27.9024199762278,0.0,-2.40629048676476,0.0,0.0,-182.010371057063,,13.0065658495073,-8518.32543272395,-8825.22681962488,4219.23251148134,-146.667740884449,-592.894053483726,-22.0480464125888,-20.5885578604775,-2567.78299890477,,-562.349727034401,-231.118698468331,-87.6110227502388,27.9024199762278,0.0,-2.40629048676476,0.0,0.0,-182.010371057063,,13.0065658495073,-8161.06994196252,-8593.63782395637,4181.29713252495,-135.955377225871,-570.82282170992,-18.0667020648873,-20.5885578604775,-2514.6871237486,,-488.608667921353,-140.818504665025,-148.306425338076,-4.54747350886464e-12,-10.7123636585779,-19.9116380240787,-3.98134434770152,0.0,133.651095476317,,-91.5578287728955,0.0,0.0,0.0,0.0,0.0,0.0,0.0,0.0,,0.0,-2.62784983943948,-3.94177475915922,-25.894392781296
3D5Q 3D5Q - minimized,-115.710434005843,-45.5784673398921,15.4356777871599,-10.7328395744456,-19.3729843289493,-3.6993488007213,0.0,34.2081821234906,,-85.9706538724819,18.839084587192,-1.82221960415704,15.4356777871608,0.0,-0.13933083895403,0.0,0.0,4.37359298957517,,0.991364253567049,-233.265767906149,-80.4014776808112,23.0092972493021,0.0,-2.13541900699644,0.0,0.0,-190.812051414542,,17.0738829468989,-8603.33914712863,-8780.41530644375,4229.86506273937,-141.640009810627,-598.134970181248,-18.2841567013323,-18.0730121454118,-2602.24564244549,,-674.411112140141,-233.265767906149,-80.4014776808112,23.0092972493021,0.0,-2.13541900699644,0.0,0.0,-190.812051414542,,17.0738829468989,-8254.36294521664,-8654.43536142305,4191.42008770291,-130.907170236182,-576.626566845303,-14.584807900611,-18.0730121454118,-2445.64177315444,,-605.514341214558,-134.549518593034,-43.7562477357351,-9.09494701772928e-13,-10.7328395744456,-19.2336534899953,-3.6993488007213,0.0,29.8345891339159,,-86.9620181260489,0.0,0.0,0.0,0.0,0.0,0.0,0.0,0.0,,0.0,-2.4106340417884,-3.6159510626826,-23.753984642953
3D5Q 3D5Q - minimized,-111.864891236977,-71.2270229358328,9.53250467283215,-10.6570033067797,-19.3615025174397,-3.43484683597351,0.0,76.0765056591008,,-92.7935259728885,14.1175712449685,3.97127768607633,9.53250467282896,0.0,-0.186276756933201,0.0,0.0,-1.17987371266929,,1.97993935566581,-233.317089432063,-83.880989517946,25.4141884495827,0.0,-1.96159194037677,0.0,0.0,-188.433322693891,,15.5446262705677,-8560.17478512246,-8682.80928415788,4202.06941449207,-145.55798130364,-602.073701703813,-15.4648600014712,-18.1012564319854,-2683.98613579486,,-614.250980220887,-233.317089432063,-83.880989517946,25.4141884495827,0.0,-1.96159194037677,0.0,0.0,-188.433322693891,,15.5446262705677,-8214.99280445342,-8527.7012717041,4167.12272136966,-134.90097799686,-580.750607245996,-12.0300131654977,-18.1012564319854,-2571.62931876007,,-537.002080518566,-125.982462481945,-75.1983006219089,3.63797880709171e-12,-10.6570033067797,-19.1752257605066,-3.43484683597351,0.0,77.2563793717704,,-94.7734653285543,0.0,0.0,0.0,0.0,0.0,0.0,0.0,0.0,,0.0,-2.33051856743703,-3.49577785115554,-22.9645401588812
3D5Q 3D5Q - minimized,-115.463562070981,-69.7989832899038,12.1750332890633,-10.0681542832317,-19.0175271061108,-3.03426220925831,0.0,57.5314900426447,,-83.2511585141895,12.6160345467714,-0.371539385253499,12.1750332890613,0.0,-0.223070146128441,0.0,0.0,-0.815355671065959,,1.85096646015819,-231.849845119124,-84.3859590582753,25.9450347729831,0.0,-1.98140011955665,0.0,0.0,-186.212572347785,,14.78505163351,-8492.51536533766,-8863.35101871575,4200.64789132059,-142.536627110719,-593.177556985788,-14.4438689118416,-21.8015644657017,-2521.62537133816,,-536.227249130289,-231.849845119124,-84.3859590582753,25.9450347729831,0.0,-1.98140011955665,0.0,0.0,-186.212572347785,,14.78505163351,-8145.20195814756,-8709.16607636757,4162.52782325854,-132.468472827487,-572.178629760121,-11.4096067025833,-21.8015644657017,-2392.94428903302,,-467.761142249609,-128.079596617754,-69.4274439046512,2.72848410531878e-12,-10.0681542832317,-18.7944569599823,-3.03426220925831,0.0,58.3468457137105,,-85.1021249743476,0.0,0.0,0.0,0.0,0.0,0.0,0.0,0.0,,0.0,-2.40549087647878,-3.60823631471817,-23.7033047522425
3D5Q 3D5Q - minimized,-118.256924805772,-135.316495774261,14.3934317595131,-10.0769894940632,-18.4479810542267,-4.0868375062531,0.0,118.119624351471,,-82.8416770879529,15.8925543791115,0.0650869363281572,14.3934317595124,0.0,-0.293642267521211,0.0,0.0,-0.197037112849785,,1.9247150636421,-231.855752579175,-84.5405174845667,25.9295733094122,0.0,-1.98165444972834,0.0,0.0,-186.072002573586,,14.808848619294,-8634.98560651426,-8760.32994394857,4105.70722606913,-141.599177303238,-602.558487805581,-16.6103279299013,-20.3846413330803,-2596.06020220912,,-603.150052053902,-231.855752579175,-84.5405174845667,25.9295733094122,0.0,-1.98165444972834,0.0,0.0,-186.072002573586,,14.808848619294,-8284.87292912932,-8540.47293068974,4065.3842210002,-131.522187809175,-582.128852301626,-12.5234904236482,-20.3846413330803,-2528.10782398701,,-535.117223585243,-134.149479184884,-135.38158271059,9.09494701772928e-13,-10.0769894940632,-18.1543387867055,-4.0868375062531,0.0,118.316661464321,,-84.766392151595,0.0,0.0,0.0,0.0,0.0,0.0,0.0,0.0,,0.0,-2.46368593345358,-3.69552890018036,-24.2767491099143
3D5Q 3D5Q - minimized,-116.361250311258,-123.645181520791,13.6411944661268,-10.5434303910155,-17.5822455283133,-4.00040853567878,0.0,107.130332603178,,-81.3615114047631,14.6497698953044,-1.3473087443959,13.6411944661244,0.0,0.263600103770548,0.0,0.0,0.110352834524292,,1.98193123528143,-232.880151453651,-84.6721024954816,26.1174319209721,0.0,-2.343430052526,0.0,0.0,-185.949003504694,,13.9669526780779,-8638.75834592379,-8660.96194631322,4109.4949042393,-140.849786517868,-603.387621942068,-19.0880608347864,-17.6145977995883,-2717.02765600331,,-589.323580752245,-232.880151453651,-84.6721024954816,26.1174319209721,0.0,-2.343430052526,0.0,0.0,-185.949003504694,,13.9669526780779,-8289.51694415888,-8452.64466229695,4069.7362778522,-130.306356126852,-583.461946361229,-15.0876522991076,-17.6145977995883,-2638.2089851018,,-521.92902202556,-131.011020206563,-122.297872776397,2.27373675443232e-12,-10.5434303910155,-17.8458456320838,-4.00040853567878,0.0,107.019979768654,,-83.3434426400445,0.0,0.0,0.0,0.0,0.0,0.0,0.0,0.0,,0.0,-2.42419271481788,-3.63628907222682,-23.8875895391496
3D5Q 3D5Q - minimized,-100.365509112631,-96.9819050682563,16.2275443826761,-10.168584164382,-16.0035083503479,-4.26313985916407,0.0,87.598536014264,,-76.7744520674232,20.6095525853552,4.69369264789832,16.2275443826766,0.0,0.928498671253834,0.0,0.0,-0.845772841348321,,-0.394410275125345,-236.589246789746,-88.7022119437355,24.1845248992535,0.0,-3.20405770746143,0.0,0.0,-185.574334732875,,16.706832695073,-8692.21174977714,-8849.26642168286,4071.7194650429,-140.93850282237,-603.407904130012,-18.1448728973,-17.5054738092281,-2525.22644624002,,-609.441593238252,-236.589246789746,-88.7022119437355,24.1845248992535,0.0,-3.20405770746143,0.0,0.0,-185.574334732875,,16.706832695073,-8355.25699387476,-8663.58230467086,4031.30739576097,-130.769918657988,-584.200338072202,-13.8817330381359,-17.5054738092281,-2427.25064752141,,-549.373973865901,-120.975061697987,-101.675597716154,-4.54747350886464e-13,-10.168584164382,-16.9320070216017,-4.26313985916407,0.0,88.4443088556122,,-76.3800417922979,0.0,0.0,0.0,0.0,0.0,0.0,0.0,0.0,,0.0,-2.09094810651315,-3.13642215976972,-20.6038529077093
3D5Q 3D5Q - minimized,-115.109731151641,-19.4730957517331,9.84558897887564,-11.0075630352326,-19.7567954121449,-4.33151133545267,0.0,19.7675830817516,,-90.153937677714,14.6171679564914,5.36354968435062,9.84558897887391,0.0,0.143729858000136,0.0,0.0,-4.91063729634402,,4.17493673161081,-232.582871910044,-84.6628854479083,26.0496944461106,0.0,-2.33602742899176,0.0,0.0,-185.688512927362,,14.0548594481072,-8536.50143250356,-8553.85582553333,4186.71289847231,-150.314266233838,-604.905766766795,-14.1979771994303,-16.3767512651773,-2769.32033439112,,-614.243409586183,-232.582871910044,-84.6628854479083,26.0496944461106,0.0,-2.33602742899176,0.0,0.0,-185.688512927362,,14.0548594481072,-8188.80882944188,-8449.71984433369,4150.81761504733,-139.306703198606,-582.812943925658,-9.86646586397765,-16.3767512651773,-2603.39940454551,,-538.144331356576,-129.726899108131,-24.8366454360839,9.09494701772928e-13,-11.0075630352326,-19.9005252701451,-4.33151133545267,0.0,24.6782203780958,,-94.3288744093248,0.0,0.0,0.0,0.0,0.0,0.0,0.0,0.0,,0.0,-2.39811939899251,-3.59717909848877,-23.6306674460528
3D5Q 3D5Q - minimized,-103.37965629901,20.5757160565136,10.601043351357,-10.1411845347068,-17.9836505120662,-3.04368839315641,0.0,-21.9647209671321,,-81.4231712998201,13.477297356299,5.27598666140001,10.6010433513549,0.0,-0.201944133790258,0.0,0.0,-4.11788400347211,,1.92009548080668,-232.036899950872,-84.4985057138463,25.907793783744,0.0,-1.98329661153692,0.0,0.0,-186.258565793469,,14.7956743842364,-8716.33468003766,-8750.87974777513,4000.48466988898,-147.188408060078,-596.988430970886,-13.1671514235992,-14.5205383010223,-2639.16297033384,,-554.912103062083,-232.036899950872,-84.4985057138463,25.907793783744,0.0,-1.98329661153692,0.0,0.0,-186.258565793469,,14.7956743842364,-8380.91812378778,-8686.95695811779,3963.97583275388,-137.047223525372,-577.021483847282,-10.1234630304428,-14.5205383010223,-2430.93968357324,,-488.2846061465,-116.85695365531,15.2997293951139,2.27373675443232e-12,-10.1411845347068,-17.781706378276,-3.04368839315641,0.0,-17.8468369636603,,-83.3432667806268,0.0,0.0,0.0,0.0,0.0,0.0,0.0,0.0,,0.0,-2.15374283956271,-3.23061425934407,-21.2226217040759
3D5Q 3D5Q - minimized,-129.103640599056,-144.697530205151,12.1010879829146,-10.1462467769271,-18.7348013177987,-5.33169313163391,0.0,126.60227442637,,-88.8967315768333,13.5176710490704,1.01017202150754,12.1010879829126,0.0,-0.212582303514102,0.0,0.0,-0.990886825962775,,1.60988017412721,-232.041206351608,-84.5116133436461,25.9464116442019,0.0,-1.98107194390322,0.0,0.0,-186.300288098687,,14.8053553904265,-8646.26964798099,-8663.9873260621,4173.9081121421,-144.668099819634,-616.39491413699,-15.5743012091249,-20.3726061321572,-2728.00352304448,,-631.176989718597,-232.041206351608,-84.5116133436461,25.9464116442019,0.0,-1.98107194390322,0.0,0.0,-186.300288098687,,14.8053553904265,-8285.12480103032,-8434.7781825133,4135.86061251498,-134.521853042707,-595.679040875288,-10.242608077491,-20.3726061321572,-2668.30550937217,,-557.08561353219,-142.621311648127,-145.707702226659,2.72848410531878e-12,-10.1462467769271,-18.5222190142846,-5.33169313163391,0.0,127.593161252332,,-90.5066117509606,0.0,0.0,0.0,0.0,0.0,0.0,0.0,0.0,,0.0,-2.689659179147,-4.03448876872051,-26.5034516764879
3D5Q 3D5Q - minimized,-116.22120947381,-131.377137959456,5.53182721561188,-10.093016390132,-18.6174190204385,-3.49624420612139,0.0,121.394479139059,,-79.5636982523392,9.80316952733847,6.15339171548658,5.53182721561119,0.0,-0.205913558183874,0.0,0.0,-4.59027939130056,,2.91414354572515,-231.678663667762,-84.3416326810404,25.9215931359981,0.0,-1.98262382405809,0.0,0.0,-186.069517318926,,14.7935170202635,-8597.19933616851,-8523.32520898471,4138.18171632107,-142.601508217018,-601.159842722294,-16.0431901414701,-17.9822912284966,-2819.016500767,,-615.252510428592,-231.678663667762,-84.3416326810404,25.9215931359981,0.0,-1.98262382405809,0.0,0.0,-186.069517318926,,14.7935170202635,-8249.29946302694,-8307.60643834422,4106.72829596946,-132.508491826886,-580.559799877797,-12.5469459353487,-17.9822912284966,-2754.34146258714,,-550.482329196516,-126.024379001148,-137.530529674943,0.0,-10.093016390132,-18.4115054622547,-3.49624420612139,0.0,125.98475853036,,-82.4778417980644,0.0,0.0,0.0,0.0,0.0,0.0,0.0,0.0,,0.0,-2.42127519737104,-3.63191279605655,-23.858840810215
