title,r_psp_MMGBSA_dG_Bind,r_psp_MMGBSA_dG_Bind_Coulomb,r_psp_MMGBSA_dG_Bind_Covalent,r_psp_MMGBSA_dG_Bind_Hbond,r_psp_MMGBSA_dG_Bind_Lipo,r_psp_MMGBSA_dG_Bind_Packing,r_psp_MMGBSA_dG_Bind_SelfCont,r_psp_MMGBSA_dG_Bind_Solv_GB,r_psp_MMGBSA_dG_Bind_Solv_SA,r_psp_MMGBSA_dG_Bind_vdW,r_psp_Lig_Strain_Energy,r_psp_Lig_Strain_Coulomb,r_psp_Lig_Strain_Covalent,r_psp_Lig_Strain_Hbond,r_psp_Lig_Strain_Lipo,r_psp_Lig_Strain_Packing,r_psp_Lig_Strain_SelfCont,r_psp_Lig_Strain_Solv_GB,r_psp_Lig_Strain_Solv_SA,r_psp_Lig_Strain_vdW,r_psp_Ligand_Energy,r_psp_Ligand_Coulomb,r_psp_Ligand_Covalent,r_psp_Ligand_Hbond,r_psp_Ligand_Lipo,r_psp_Ligand_Packing,r_psp_Ligand_SelfCont,r_psp_Ligand_Solv_GB,r_psp_Ligand_Solv_SA,r_psp_Ligand_vdW,r_psp_Complex_Energy,r_psp_Complex_Coulomb,r_psp_Complex_Covalent,r_psp_Complex_Hbond,r_psp_Complex_Lipo,r_psp_Complex_Packing,r_psp_Complex_SelfCont,r_psp_Complex_Solv_GB,r_psp_Complex_Solv_SA,r_psp_Complex_vdW,r_psp_Ligand_Energy,r_psp_Ligand_Coulomb,r_psp_Ligand_Covalent,r_psp_Ligand_Hbond,r_psp_Ligand_Lipo,r_psp_Ligand_Packing,r_psp_Ligand_SelfCont,r_psp_Ligand_Solv_GB,r_psp_Ligand_Solv_SA,r_psp_Ligand_vdW,r_psp_Receptor_Energy,r_psp_Receptor_Coulomb,r_psp_Receptor_Covalent,r_psp_Receptor_Hbond,r_psp_Receptor_Lipo,r_psp_Receptor_Packing,r_psp_Receptor_SelfCont,r_psp_Receptor_Solv_GB,r_psp_Receptor_Solv_SA,r_psp_Receptor_vdW,r_psp_MMGBSA_dG_Bind(NS),r_psp_MMGBSA_dG_Bind(NS)_Coulomb,r_psp_MMGBSA_dG_Bind(NS)_Covalent,r_psp_MMGBSA_dG_Bind(NS)_Hbond,r_psp_MMGBSA_dG_Bind(NS)_Lipo,r_psp_MMGBSA_dG_Bind(NS)_Packing,r_psp_MMGBSA_dG_Bind(NS)_SelfCont,r_psp_MMGBSA_dG_Bind(NS)_Solv_GB,r_psp_MMGBSA_dG_Bind(NS)_Solv_SA,r_psp_MMGBSA_dG_Bind(NS)_vdW,r_psp_Rec_Strain_Energy,r_psp_Rec_Strain_Coulomb,r_psp_Rec_Strain_Covalent,r_psp_Rec_Strain_Hbond,r_psp_Rec_Strain_Lipo,r_psp_Rec_Strain_Packing,r_psp_Rec_Strain_SelfCont,r_psp_Rec_Strain_Solv_GB,r_psp_Rec_Strain_Solv_SA,r_psp_Rec_Strain_vdW,r_psp_Prime_MMGBSA_ligand_efficiency,r_psp_Prime_MMGBSA_ligand_efficiency_sa,r_psp_Prime_MMGBSA_ligand_efficiency_ln
complex 40 - minimized,-118.438378636467,-106.971397725767,10.1852036253149,-14.0657196459726,-17.0719229063424,-3.3660647767835,0.0,83.2000241818671,,-70.3485013887798,15.9711186478374,0.726792039029647,10.1852036253164,0.0,1.26640072046059,0.0,0.0,-2.89819670711381,,6.69091897014475,-234.209762868532,-79.6332314395146,26.4962068208386,0.0,-3.35568201472801,0.0,0.0,-189.589047616818,,11.8719913816904,-7262.50700006721,-8614.79904844007,4128.42537996999,-160.713909194862,-606.969773006856,-13.8789557402817,-16.451988983528,-1446.88005742897,,-531.238647242636,-234.209762868532,-79.6332314395146,26.4962068208386,0.0,-3.35568201472801,0.0,0.0,-189.589047616818,,11.8719913816904,-6909.85885856222,-8428.19441927479,4091.74396952384,-146.648189548889,-586.542168085785,-10.5128909634982,-16.451988983528,-1340.49103399402,,-472.762137235547,-134.409497284304,-107.698189764797,-1.36424205265939e-12,-14.0657196459726,-18.338323626803,-3.3660647767835,0.0,86.0982208889809,,-77.0394203589245,0.0,0.0,0.0,0.0,0.0,0.0,0.0,0.0,,0.0,-2.46746622159306,-3.70119933238959,-24.3139994369464
complex 40 - minimized,-128.292829989955,-134.975787734989,12.8204764766215,-13.0099218897773,-17.6966593208406,-3.90969346576439,0.0,106.699098444442,,-78.2203424996436,16.3043308423848,4.82753197603489,12.8204764766206,0.0,0.130536101730373,0.0,0.0,-6.5618428326427,,5.08762912064183,-238.917561331011,-76.6500303052174,20.8480261858529,0.0,-2.30957041716896,0.0,0.0,-193.729931503414,,12.923944708936,-7303.42744674548,-8613.90376988316,4160.5355211335,-159.520749561109,-591.098945914271,-16.146212077401,-7.64151773514286,-1559.05136984385,,-516.600402864044,-238.917561331011,-76.6500303052174,20.8480261858529,0.0,-2.30957041716896,0.0,0.0,-193.729931503414,,12.923944708936,-6936.21705542451,-8402.27795184295,4126.86701847102,-146.510827671332,-571.092716176262,-12.2365186116367,-7.64151773514286,-1472.02053678488,,-451.304005073336,-144.59716083234,-139.803319711025,9.09494701772928e-13,-13.0099218897773,-17.827195422571,-3.90969346576439,0.0,113.260941277084,,-83.3079716202855,0.0,0.0,0.0,0.0,0.0,0.0,0.0,0.0,,0.0,-2.67276729145739,-4.00915093718609,-26.3370018405469
complex 40 - minimized,-107.923558982933,-82.7206380117641,7.89035535074709,-11.4367971475773,-15.5333889924724,-3.20129530088641,0.0,61.2293487776142,,-64.1511436585895,16.4817200649619,11.4016822431071,7.89035535074623,0.0,0.691150677023129,0.0,0.0,-12.8941762188143,,9.39270801289935,-239.516123528683,-90.6446412869113,26.6983558068845,0.0,-3.1033649942684,0.0,0.0,-180.917229846847,,8.45075679245879,-7324.89386365823,-8510.62770126024,4094.98003837893,-147.811546000132,-588.781521036337,-13.309081925778,-7.56047350160589,-1575.76766732169,,-576.015910991381,-239.516123528683,-90.6446412869113,26.6983558068845,0.0,-3.1033649942684,0.0,0.0,-180.917229846847,,8.45075679245879,-6977.45418114661,-8337.26242196156,4060.3913272213,-136.374748852555,-570.144767049596,-10.1077866248916,-7.56047350160589,-1456.07978625245,,-520.31552412525,-124.405279047895,-94.1223202548717,9.09494701772928e-13,-11.4367971475773,-16.2245396694956,-3.20129530088641,0.0,74.1235249964284,,-73.5438516714888,0.0,0.0,0.0,0.0,0.0,0.0,0.0,0.0,,0.0,-2.24840747881111,-3.37261121821666,-22.1554312255364
complex 40 - minimized,-104.534559309441,-89.9965880291147,15.039810243687,-11.9547553135781,-16.3513285258733,-3.64931669071822,0.0,68.1632830759747,,-65.7856640698119,13.6961575198855,-4.77952825110017,15.0398102436826,0.0,-0.114421222583072,0.0,0.0,0.607280658463992,,2.94301609142213,-237.196966091595,-74.6316236852204,20.6080049285367,0.0,-2.16075733454878,0.0,0.0,-195.327188202796,,14.314598202433,-7288.49915515918,-8566.24225631113,4114.78389891798,-146.711659562461,-593.416540081141,-12.5900400321519,-6.67696703896377,-1519.05460818072,,-558.590982870588,-237.196966091595,-74.6316236852204,20.6080049285367,0.0,-2.16075733454878,0.0,0.0,-195.327188202796,,14.314598202433,-6946.76762975814,-8401.6140445968,4079.13608374575,-134.756904248882,-574.904454220719,-8.94072334143372,-6.67696703896377,-1391.8907030539,,-507.119917003209,-118.230716829326,-85.2170597780132,4.09272615797818e-12,-11.9547553135781,-16.2369073032902,-3.64931669071822,0.0,67.5560024175106,,-68.728680161234,0.0,0.0,0.0,0.0,0.0,0.0,0.0,0.0,,0.0,-2.17780331894668,-3.26670497842002,-21.459709643548
complex 40 - minimized,-127.305056203088,-95.2642673585324,13.8321827193049,-12.4863054865745,-16.665652978112,-3.40069774082798,0.0,74.4716599270469,,-87.7919752853896,13.2149561355043,-6.68126130931624,13.8321827193077,0.0,-0.143313305360545,0.0,0.0,6.61565014552446,,-0.408302114651255,-236.399024505893,-74.3155236407785,23.1844449051421,0.0,-2.15544240594357,0.0,0.0,-199.174276734753,,16.0617733704404,-7257.64267715633,-8599.74367518587,4097.8061114054,-157.309998874333,-597.291470864262,-15.2521153593215,-9.21578069133091,-1513.17431626271,,-463.461431323898,-236.399024505893,-74.3155236407785,23.1844449051421,0.0,-2.15544240594357,0.0,0.0,-199.174276734753,,16.0617733704404,-6893.93859644735,-8430.16388418656,4060.78948378095,-144.823693387758,-578.470375480207,-11.8514176184936,-9.21578069133091,-1388.47169945501,,-391.731229408949,-140.520012338593,-88.5830060492153,-2.72848410531878e-12,-12.4863054865745,-16.5223396727514,-3.40069774082798,0.0,67.8560097815225,,-87.3836731707383,0.0,0.0,0.0,0.0,0.0,0.0,0.0,0.0,,0.0,-2.65218867089768,-3.97828300634652,-26.1342235555501
complex 40 - minimized,-108.965650625708,-87.425143167382,14.5990027122857,-10.0545662855423,-14.9109008942979,-3.96260331400297,0.0,69.5785358812363,,-76.7899755580079,15.2729094392896,-5.8943308224071,14.599002712284,0.0,-0.194936023620722,0.0,0.0,5.3385313009951,,1.42464227203844,-237.097403402591,-73.4971572762601,20.5931381186966,0.0,-2.16164889353097,0.0,0.0,-196.358623333466,,14.3268879819686,-7309.80090935422,-8622.3043561754,4120.54617278042,-150.790205221651,-586.822386986658,-15.4859895254495,-4.57542115130076,-1468.64207289324,,-581.726650180938,-237.097403402591,-73.4971572762601,20.5931381186966,0.0,-2.16164889353097,0.0,0.0,-196.358623333466,,14.3268879819686,-6963.73785532592,-8461.38205573176,4085.35403194944,-140.735638936109,-569.749837198829,-11.5233862114465,-4.57542115130076,-1341.86198544101,,-519.263562604899,-124.238560064998,-81.5308123449759,1.81898940354586e-12,-10.0545662855423,-14.7159648706771,-3.96260331400297,0.0,64.2400045802415,,-78.2146178300463,0.0,0.0,0.0,0.0,0.0,0.0,0.0,0.0,,0.0,-2.27011772136891,-3.40517658205337,-22.3693603244262
complex 40 - minimized,-106.43925795105,-70.4407415166479,14.6509520258696,-8.79027920077735,-14.4763159470099,-2.80925980816253,0.0,54.683064454719,,-79.2566779590406,13.9504819228174,-4.95448766508991,14.6509520258682,0.0,-0.243264410489693,0.0,0.0,3.90213468314801,,0.595147289380659,-237.160274699079,-73.3132889323979,20.5033106357213,0.0,-2.17107756193031,0.0,0.0,-196.456186465197,,14.2769676247254,-7223.24957362047,-8641.97837653675,4198.83817986977,-151.525964988042,-595.210639161929,-16.3801251996736,-7.58657421591304,-1517.25166867228,,-492.154404715661,-237.160274699079,-73.3132889323979,20.5033106357213,0.0,-2.17107756193031,0.0,0.0,-196.456186465197,,14.2769676247254,-6879.65004097034,-8498.22434608771,4163.68391720818,-142.735685787265,-578.563245652989,-13.5708653915111,-7.58657421591304,-1375.4785466618,,-427.174694381346,-120.389739873868,-65.4862538515572,1.81898940354586e-12,-8.79027920077735,-14.2330515365202,-2.80925980816253,0.0,50.7809297715712,,-79.8518252484212,0.0,0.0,0.0,0.0,0.0,0.0,0.0,0.0,,0.0,-2.21748454064688,-3.32622681097033,-21.8507217650647
complex 40 - minimized,-110.326505599937,-103.09854282748,16.9861342131817,-9.52659239520233,-15.0592539975606,-3.14759433060077,0.0,85.4474913055517,,-81.9281475678239,15.6917306888686,-8.29127666005033,16.9861342131859,0.0,-0.150280766759701,0.0,0.0,6.37992754645757,,0.767226356035415,-237.428210578397,-73.4605555027571,20.5825528503289,0.0,-2.16186447581718,0.0,0.0,-196.699644099189,,14.3113006490367,-7338.85358603937,-8652.21563373426,4137.1899812299,-147.586204904796,-591.120394041595,-15.4277744258094,-4.94701568780837,-1470.78565390538,,-593.960890569624,-237.428210578397,-73.4605555027571,20.5825528503289,0.0,-2.16186447581718,0.0,0.0,-196.699644099189,,14.3113006490367,-6991.09886986104,-8475.65653540402,4099.62129416639,-138.059612509594,-573.899275568217,-12.2801800952086,-4.94701568780837,-1359.53350111175,,-526.344043650837,-126.018236288805,-94.8072661674305,-3.63797880709171e-12,-9.52659239520233,-14.9089732308009,-3.14759433060077,0.0,79.0675637590941,,-82.6953739238593,0.0,0.0,0.0,0.0,0.0,0.0,0.0,0.0,,0.0,-2.29846886666536,-3.44770329999804,-22.6487277681392
complex 40 - minimized,-99.2403825795918,-87.419688521235,13.1779141491334,-8.47313540150097,-15.3661382929258,-3.34363822033388,0.0,75.9125977443337,,-73.7282940370648,14.0957694599886,-1.86989216301176,13.1779141491342,0.0,-0.260108474986131,0.0,0.0,1.91001639324725,,1.13783955560534,-237.077105122875,-73.5013881482456,20.5725194907933,0.0,-2.16257856555525,0.0,0.0,-196.310535089528,,14.3248771896611,-7327.94068163851,-8581.09857215681,4110.83040313342,-143.722621173621,-593.67840396553,-16.6862324423794,-10.2844400294518,-1494.10781284809,,-599.193002156043,-237.077105122875,-73.5013881482456,20.5725194907933,0.0,-2.16257856555525,0.0,0.0,-196.310535089528,,14.3248771896611,-6991.62319393604,-8420.17749548733,4077.07996949349,-135.24948577212,-576.149687107049,-13.3425942220455,-10.2844400294518,-1373.70987550289,,-539.789585308639,-113.33615203958,-85.5497963582238,-9.09494701772928e-13,-8.47313540150097,-15.1060298179397,-3.34363822033388,0.0,74.0025813510865,,-74.8661335926701,0.0,0.0,0.0,0.0,0.0,0.0,0.0,0.0,,0.0,-2.06750797040816,-3.10126195561224,-20.3728777271492
complex 40 - minimized,-115.385889291316,-84.8641453168675,13.9295283311649,-8.94284179244971,-16.5865955625699,-3.5260269919471,0.0,61.2103249014253,,-76.6061328600718,14.3813936541262,-3.1441517214222,13.9295283311665,0.0,-0.306218656855382,0.0,0.0,2.98628529638029,,0.915950404857057,-237.522464418857,-74.6058101665813,20.6065872400461,0.0,-2.16232270093254,0.0,0.0,-195.65795197489,,14.2970331835011,-7277.61749956039,-8624.22092509218,4182.66345772528,-151.125390592679,-602.502956573315,-16.2638337937949,-5.61088200834615,-1492.61035065354,,-567.946618571815,-237.522464418857,-74.6058101665813,20.6065872400461,0.0,-2.16232270093254,0.0,0.0,-195.65795197489,,14.2970331835011,-6924.70914585021,-8464.75096960873,4148.12734215407,-142.182548800229,-583.754038309813,-12.7378068018478,-5.61088200834615,-1358.16272358007,,-505.637518895245,-129.767282945442,-81.7199935954468,-1.81898940354586e-12,-8.94284179244971,-16.2803769057145,-3.5260269919471,0.0,58.2240396050449,,-77.5220832649289,0.0,0.0,0.0,0.0,0.0,0.0,0.0,0.0,,0.0,-2.40387269356908,-3.60580904035362,-23.687359448509
complex 40 - minimized,-122.712381200839,-123.09969073357,14.9805362511297,-10.5453099979586,-15.4756946092101,-3.98366980435935,0.0,97.6202162821464,,-82.2087685890162,14.6335257072383,-4.73123627643349,14.9805362511276,0.0,-0.158527233339863,0.0,0.0,3.14797783122322,,1.39477513466103,-237.66780246781,-74.4661056280853,20.4952736751431,0.0,-2.17465012625404,0.0,0.0,-195.807741079323,,14.2854206907086,-7318.70764699673,-8575.59314532524,4167.2471741419,-140.348114506414,-582.30894274362,-11.7075107442918,-9.25310022957831,-1535.6576927628,,-631.086314826686,-237.66780246781,-74.4661056280853,20.4952736751431,0.0,-2.17465012625404,0.0,0.0,-195.807741079323,,14.2854206907086,-6958.32746332808,-8378.02734896359,4131.77136421563,-129.802804508456,-564.658598008156,-7.72384093993247,-9.25310022957831,-1437.47016796562,,-563.162966928379,-137.345906908077,-118.368454457137,1.81898940354586e-12,-10.5453099979586,-15.3171673758702,-3.98366980435935,0.0,94.4722384509232,,-83.6035437236773,0.0,0.0,0.0,0.0,0.0,0.0,0.0,0.0,,0.0,-2.55650794168415,-3.83476191252623,-25.1914016535254
complex 40 - minimized,-116.334471883042,-73.6354267766637,16.5772248530238,-10.2880283710424,-16.1267457569342,-2.8503687506912,0.0,53.0098644854138,,-83.0209915661511,15.3511267162318,-5.08360179961885,16.5772248530211,0.0,-0.169561565318402,0.0,0.0,3.69088314250519,,0.336182085642594,-237.314365425531,-74.5306248472733,20.5622732160016,0.0,-2.16893064884555,0.0,0.0,-195.455812136589,,14.2787289911748,-7294.64529174857,-8597.01242622978,4165.75455561431,-144.54539092568,-592.911981799474,-12.6825053478602,-7.2302080731374,-1511.51977392318,,-594.497561063755,-237.314365425531,-74.5306248472733,20.5622732160016,0.0,-2.16893064884555,0.0,0.0,-195.455812136589,,14.2787289911748,-6940.99645443999,-8448.84637460585,4128.61505754528,-134.257362554637,-574.616305393694,-9.83213659716901,-7.2302080731374,-1369.07382627201,,-525.755298488779,-131.685598599273,-68.5518249770448,2.72848410531878e-12,-10.2880283710424,-15.9571841916157,-2.8503687506912,0.0,49.3189813429085,,-83.3571736517937,0.0,0.0,0.0,0.0,0.0,0.0,0.0,0.0,,0.0,-2.42363483089671,-3.63545224634507,-23.8820922443026
complex 40 - minimized,-98.3091736643082,-69.957600266087,16.6174132780734,-7.9249913034769,-14.429188197768,-3.57030550190962,0.0,64.2495392307819,,-83.2940409039273,19.0393910601486,-3.87434896056394,16.6174132780715,0.0,-0.233787978089851,0.0,0.0,6.08657435479302,,0.443540365937693,-237.630568902084,-74.6692851717652,20.6295761423782,0.0,-2.16169774825897,0.0,0.0,-195.740233810778,,14.3110716863404,-7189.20697018663,-8595.83683403972,4144.72444795195,-154.120226474846,-587.804050479307,-14.5533821865979,-9.34395643245124,-1502.71015322805,,-469.562815297607,-237.630568902084,-74.6692851717652,20.6295761423782,0.0,-2.16169774825897,0.0,0.0,-195.740233810778,,14.3110716863404,-6853.26722762024,-8451.20994860187,4107.4774585315,-146.195235171369,-571.21316453328,-10.9830766846883,-9.34395643245124,-1371.21945864805,,-400.579846080021,-117.348564724457,-66.0832513055229,1.81898940354586e-12,-7.9249913034769,-14.195400219678,-3.57030550190962,0.0,58.162964875989,,-83.737581269865,0.0,0.0,0.0,0.0,0.0,0.0,0.0,0.0,,0.0,-2.04810778467309,-3.07216167700963,-20.1817115418083
complex 40 - minimized,-107.119134480823,-60.3454713454466,13.8657482506478,-9.11868591630852,-14.1943552508519,-4.26587981303189,0.0,50.1203490646576,,-83.1808394704859,12.9007374812289,-5.14784289198245,13.8657482506459,0.0,-0.177759520436419,0.0,0.0,3.9898398684735,,0.370751774528383,-237.195416077385,-73.4675150346004,20.5681780892783,0.0,-2.16589136329012,0.0,0.0,-196.429558159035,,14.2993703902626,-7207.83652104268,-8611.91228285175,4172.67432682074,-150.894344258784,-595.342175423527,-17.530869702263,-3.36804283691473,-1487.90060258173,,-513.562530208462,-237.195416077385,-73.4675150346004,20.5681780892783,0.0,-2.16589136329012,0.0,0.0,-196.429558159035,,14.2993703902626,-6863.52197048448,-8478.0992964717,4138.24040048081,-141.775658342476,-578.981928809385,-13.2649898892311,-3.36804283691473,-1341.59139348735,,-444.681061128239,-120.019871962052,-55.1976284534649,1.81898940354586e-12,-9.11868591630852,-14.0165957304155,-4.26587981303189,0.0,46.130509196184,,-83.5515912450143,0.0,0.0,0.0,0.0,0.0,0.0,0.0,0.0,,0.0,-2.23164863501715,-3.34747295252572,-21.9902923818901
complex 40 - minimized,-105.275847951653,-88.6877948036927,20.4420735342565,-11.1456466351966,-13.7967611013207,-3.85226331639363,0.0,64.6145539838315,,-72.8500096131415,20.3863288024477,-6.94852565134676,20.4420735342572,0.0,-0.286491030422154,0.0,0.0,4.82321845458603,,2.35605349537314,-237.404797838049,-74.5445296078329,20.5565384165072,0.0,-2.16932091359379,0.0,0.0,-195.517554712379,,14.2700689792492,-7365.33321014925,-8603.80326251069,4022.4815527158,-147.999308412993,-586.90950496449,-18.1483260450266,-7.60845174992032,-1519.38517754253,,-503.960731639405,-237.404797838049,-74.5445296078329,20.5565384165072,0.0,-2.16932091359379,0.0,0.0,-195.517554712379,,14.2700689792492,-7022.65256435955,-8440.57093809917,3981.48294076504,-136.853661777796,-570.943422949575,-14.296062728633,-7.60845174992032,-1388.48217681398,,-445.380791005513,-125.662176754102,-81.7392691523455,-9.09494701772928e-13,-11.1456466351966,-13.5102700708985,-3.85226331639363,0.0,59.7913355292453,,-75.2060631085146,0.0,0.0,0.0,0.0,0.0,0.0,0.0,0.0,,0.0,-2.19324683232611,-3.28987024848917,-21.6118874412929
complex 40 - minimized,-114.298312128428,-70.8774041029064,14.754637433552,-11.892646917648,-14.0470508803244,-4.00711689686271,0.0,47.1852953453233,,-75.4140261095671,15.4137027320637,-4.32949233454599,14.7546374335516,0.0,-0.242097708447385,0.0,0.0,4.60175324912564,,0.62890209237959,-237.786068264692,-74.6725504387006,20.6415980566332,0.0,-2.16195183205878,0.0,0.0,-195.894578158537,,14.3014141079713,-7271.05427001342,-8609.38454474024,4115.73940817754,-146.119494434878,-599.595503702246,-17.1310471201741,-9.50542141539726,-1489.26298270156,,-515.794684076472,-237.786068264692,-74.6725504387006,20.6415980566332,0.0,-2.16195183205878,0.0,0.0,-195.894578158537,,14.3014141079713,-6918.9698896203,-8463.83459019863,4080.34317268735,-134.22684751723,-583.386500989862,-13.1239302233114,-9.50542141539726,-1340.55369988834,,-454.682072074876,-129.712014860491,-66.5479117683608,4.54747350886464e-13,-11.892646917648,-13.8049531718769,-4.00711689686271,0.0,42.5835420961976,,-76.0429282019467,0.0,0.0,0.0,0.0,0.0,0.0,0.0,0.0,,0.0,-2.38121483600891,-3.57182225401337,-23.4640927098849
complex 40 - minimized,-109.53645476603,-78.931081830644,17.3466226249402,-10.5948640983991,-13.906901239876,-3.10333165120837,0.0,61.2265719251475,,-81.5734704959888,15.2850564703989,-6.62158821397804,17.346622624942,0.0,-0.189748236427461,0.0,0.0,4.40800845969773,,0.341761836164736,-236.960928046983,-74.7032699828785,20.6507741221232,0.0,-2.16194301389495,0.0,0.0,-195.052318599475,,14.3058294271421,-7281.87925826038,-8608.39300622517,4116.5827157099,-149.884808198221,-592.794804388125,-16.5881240721115,-8.77636416863629,-1513.66142373613,,-508.363443181891,-236.960928046983,-74.7032699828785,20.6507741221232,0.0,-2.16194301389495,0.0,0.0,-195.052318599475,,14.3058294271421,-6935.38187544737,-8454.75865441165,4078.58531896284,-139.289944099822,-576.725960134354,-13.4847924209032,-8.77636416863629,-1379.8356770618,,-441.095802113044,-124.82151123643,-72.3094936166653,-1.81898940354586e-12,-10.5948640983991,-13.7171530034485,-3.10333165120837,0.0,56.8185634654496,,-81.9152323321536,0.0,0.0,0.0,0.0,0.0,0.0,0.0,0.0,,0.0,-2.28200947429229,-3.42301421143844,-22.4865396687079
complex 40 - minimized,-106.419378065602,-71.9293286283082,17.8194062816156,-10.8286377777826,-14.1403628963573,-4.15713799790293,0.0,58.7398741126558,,-81.9231911595271,17.6161390610661,-6.18841257897942,17.819406281615,0.0,-0.225613145599238,0.0,0.0,4.77338485182702,,1.43737365220228,-236.799536351453,-74.6863328568407,20.6477591544214,0.0,-2.16181756817464,0.0,0.0,-194.911923988945,,14.3127789080866,-7349.39444633515,-8516.84398772426,4070.32003593434,-141.39033595397,-590.988085132378,-16.2628041873256,-4.48671227194617,-1552.22937707527,,-597.513179924345,-236.799536351453,-74.6863328568407,20.6477591544214,0.0,-2.16181756817464,0.0,0.0,-194.911923988945,,14.3127789080866,-7006.1755319181,-8370.22832623911,4031.85287049831,-130.561698176188,-574.685904667846,-12.1056661894227,-4.48671227194617,-1416.05732719898,,-529.902767672905,-124.035517126668,-65.7409160493298,4.54747350886464e-13,-10.8286377777826,-13.9147497507581,-4.15713799790293,0.0,53.9664892608287,,-83.3605648117293,0.0,0.0,0.0,0.0,0.0,0.0,0.0,0.0,,0.0,-2.21707037636672,-3.32560556455007,-21.8466406595215
complex 40 - minimized,-104.42959346961,-64.5059007239943,17.2683026789264,-9.18864068377744,-14.4123159667187,-4.24363392767105,0.0,54.1330799755983,,-83.4804848219735,16.0264503137365,-8.69657453134913,17.268302678925,0.0,-0.253501658871299,0.0,0.0,6.07123310802319,,1.63699071700897,-236.926798764658,-74.7014590949916,20.6442750997903,0.0,-2.16135336247214,0.0,0.0,-195.019624020972,,14.3113626139879,-7316.46690315241,-8495.66922729025,4081.15362566541,-137.989402683923,-592.425404376146,-18.7888148560925,-6.93473273183834,-1548.4369094327,,-597.376037446866,-236.926798764658,-74.7014590949916,20.6442750997903,0.0,-2.16135336247214,0.0,0.0,-195.019624020972,,14.3113626139879,-6975.11051091814,-8356.46186747127,4043.24104788669,-128.800762000146,-575.851735046955,-14.5451809284215,-6.93473273183834,-1407.55036538732,,-528.206915238881,-120.456043783347,-55.8093261926442,1.36424205265939e-12,-9.18864068377744,-14.1588143078474,-4.24363392767105,0.0,48.0618468675752,,-85.1174755389825,0.0,0.0,0.0,0.0,0.0,0.0,0.0,0.0,,0.0,-2.17561653061688,-3.26342479592532,-21.4381613971103
complex 40 - minimized,-116.018048660642,-65.4722905371436,14.4570680694533,-10.9628680426526,-15.2709892120274,-4.37334596031584,0.0,49.4237201671599,,-83.8193431451261,13.8430443456604,-4.64823308666597,14.4570680694559,0.0,-0.200149609996722,0.0,0.0,4.43180840847481,,-0.197449435607641,-236.614501345774,-73.3049851754751,20.4802664012837,0.0,-2.17515755618534,0.0,0.0,-195.896592753822,,14.2819677384249,-7317.77319032454,-8620.9350140102,4152.8517200463,-144.955028461944,-603.839930165067,-14.8076488709326,-3.60003063781206,-1457.5650484305,,-624.92220979439,-236.614501345774,-73.3049851754751,20.4802664012837,0.0,-2.17515755618534,0.0,0.0,-195.896592753822,,14.2819677384249,-6965.14064031812,-8482.15773829758,4117.91438557556,-133.992160419292,-586.393783396855,-10.4343029106167,-3.60003063781206,-1311.09217584384,,-555.384834387689,-129.861093006303,-60.824057450478,-1.81898940354586e-12,-10.9628680426526,-15.0708396020307,-4.37334596031584,0.0,44.9919117586851,,-83.6218937095185,0.0,0.0,0.0,0.0,0.0,0.0,0.0,0.0,,0.0,-2.41704268043005,-3.62556402064507,-23.8171342962131
complex 40 - minimized,-107.660393102923,-66.7092892333403,14.3719118016752,-10.1871080446327,-14.3272032071154,-3.69925515051288,0.0,50.9728820501291,,-78.0823313191202,13.7405797398984,-0.321477721161131,14.3719118016736,0.0,-0.103877664602922,0.0,0.0,-0.421893116778051,,0.215916440767216,-237.087841557426,-74.7123924850015,20.6332312473278,0.0,-2.16192638883354,0.0,0.0,-195.166288302853,,14.3195343719336,-7296.75198609409,-8632.43166009272,4139.67364493657,-145.832886192604,-583.543849936387,-16.7059453703685,-9.05168879940051,-1513.44198553191,,-535.417615107263,-237.087841557426,-74.7123924850015,20.6332312473278,0.0,-2.16192638883354,0.0,0.0,-195.166288302853,,14.3195343719336,-6952.00375143374,-8491.00997837437,4104.66850188756,-135.645778147971,-567.054720340438,-13.0066902198556,-9.05168879940051,-1369.24857927919,,-471.654818160076,-121.400972842822,-66.3878115121788,1.81898940354586e-12,-10.1871080446327,-14.2233255425125,-3.69925515051288,0.0,51.394775166907,,-78.2982477598874,0.0,0.0,0.0,0.0,0.0,0.0,0.0,0.0,,0.0,-2.2429248563109,-3.36438728446635,-22.1014063804477
complex 40 - minimized,-109.521863883491,-78.6390871909662,15.5426744518054,-10.7947194797795,-14.7921170600972,-4.03188174523549,0.0,70.0328044046423,,-86.8395372638567,15.3402794249814,-4.66162652668,15.542674451803,0.0,-0.111179262684846,0.0,0.0,4.1620597455302,,0.408351017012972,-237.390483569103,-74.6730115217335,20.6203428995008,0.0,-2.16283877682902,0.0,0.0,-195.48329448652,,14.3083183164784,-7097.13801866142,-8459.19359943762,4210.41555164252,-141.536469127455,-580.26899450513,-17.7351523188292,-4.77525305744614,-1550.35834186107,,-553.685759996394,-237.390483569103,-74.6730115217335,20.6203428995008,0.0,-2.16283877682902,0.0,0.0,-195.48329448652,,14.3083183164784,-6750.22567120882,-8305.88150072492,4174.25253429122,-130.741749647675,-563.314038668204,-13.7032705735938,-4.77525305744614,-1424.90785177919,,-481.154541049016,-124.862143308473,-73.9774606642877,1.81898940354586e-12,-10.7947194797795,-14.6809377974124,-4.03188174523549,0.0,65.8707446591122,,-87.2478882808697,0.0,0.0,0.0,0.0,0.0,0.0,0.0,0.0,,0.0,-2.28170549757273,-3.4225582463591,-22.4835443329567
complex 40 - minimized,-112.463604039576,-83.7210493382699,17.5909290412592,-11.0293016013477,-14.943533656237,-3.7847885321232,0.0,63.9706011936107,,-80.5464611464694,19.1325797476886,-5.49014065428405,17.5909290412602,0.0,-0.186098267195958,0.0,0.0,5.5076758995765,,1.71021372833192,-237.358208561776,-74.6285811621998,20.5845468353626,0.0,-2.16677068052865,0.0,0.0,-195.427524573563,,14.2801210191522,-7395.15209488807,-8521.99638586686,4099.30528398469,-144.189100006772,-591.325292094655,-15.3948190081929,-9.5972688889805,-1576.47106306469,,-635.483449942613,-237.358208561776,-74.6285811621998,20.5845468353626,0.0,-2.16677068052865,0.0,0.0,-195.427524573563,,14.2801210191522,-7045.33028228672,-8363.64675536639,4061.12980810807,-133.159798405424,-574.214987757889,-11.6100304760697,-9.5972688889805,-1445.01413968474,,-569.217109815296,-131.596183787265,-78.2309086839869,-9.09494701772928e-13,-11.0293016013477,-14.7574353890411,-3.7847885321232,0.0,58.4629252940342,,-82.2566748748012,0.0,0.0,0.0,0.0,0.0,0.0,0.0,0.0,,0.0,-2.3429917508245,-3.51448762623676,-23.0874488217055
complex 40 - minimized,-111.871145443431,-80.4263836519749,18.1589588911747,-11.2372023415653,-14.6235901761522,-3.86843630586607,0.0,59.8564047683822,,-79.7308966274265,17.3155277919577,-6.33084742174587,18.1589588911753,0.0,-0.196389497369104,0.0,0.0,5.02606232432368,,0.657743495574028,-237.287904165954,-74.6711296128997,20.6321241000122,0.0,-2.16249641830248,0.0,0.0,-195.400751815986,,14.3143495812222,-7355.68277469397,-8497.65568079189,4117.31499853446,-146.241265679256,-596.278933322447,-15.0560105516344,-7.60025506933602,-1613.30601214995,,-596.859615663909,-237.287904165954,-74.6711296128997,20.6321241000122,0.0,-2.16249641830248,0.0,0.0,-195.400751815986,,14.3143495812222,-7006.52372508459,-8342.55816752702,4078.52391554327,-135.004063337691,-579.492846727992,-11.1875742457684,-7.60025506933602,-1477.76166510235,,-531.443068617705,-129.186673235389,-74.0955362302284,-4.54747350886464e-13,-11.2372023415653,-14.427200678783,-3.86843630586607,0.0,54.8303424440587,,-80.3886401230005,0.0,0.0,0.0,0.0,0.0,0.0,0.0,0.0,,0.0,-2.33064886340482,-3.49597329510723,-22.9658240735545
complex 40 - minimized,-105.277270834282,-61.9362324447047,15.7428797111788,-8.22140417726152,-14.1394498953798,-3.74177238475372,0.0,47.2535312296527,,-80.2348228730121,16.5237439183712,6.18385869971897,15.7428797111783,0.0,-0.175195974447687,0.0,0.0,-5.79306065043033,,0.565262132351783,-237.08408748173,-74.6879992584351,20.6076917723211,0.0,-2.16239163676328,0.0,0.0,-195.162247903281,,14.3208595444288,-7360.35896808741,-8581.66417852333,4033.2539475104,-143.490032192687,-588.728869348854,-16.3689346370009,-8.19849118026807,-1551.165145921,,-503.997263794663,-237.08408748173,-74.6879992584351,20.6076917723211,0.0,-2.16239163676328,0.0,0.0,-195.162247903281,,14.3208595444288,-7017.9976097714,-8445.03994682019,3996.9033760269,-135.268628015425,-572.427027816711,-12.6271622522472,-8.19849118026807,-1403.25642924737,,-438.083300466079,-121.801014752653,-68.120091144423,4.54747350886464e-13,-8.22140417726152,-13.964253920932,-3.74177238475372,0.0,53.0465918800833,,-80.8000850053639,0.0,0.0,0.0,0.0,0.0,0.0,0.0,0.0,,0.0,-2.1932764757142,-3.28991471357131,-21.612179542281
complex 40 - minimized,-113.420603231772,-63.0624054945129,17.6459095111313,-10.8949111800758,-15.1223533010935,-3.75206151317525,0.0,45.7216227005401,,-83.9564039545942,15.8219029106095,-6.79399768363029,17.6459095111295,0.0,-0.0547019797789114,0.0,0.0,4.84020592508762,,0.184487137801369,-237.529615797623,-74.705583698741,20.6454334223695,0.0,-2.16058061276695,0.0,0.0,-195.630463224673,,14.3215783161888,-7319.02234116343,-8534.99871822754,4175.45234990007,-147.456288812922,-609.288373980035,-14.6664500515294,-2.91075360405971,-1563.18625120106,,-621.967855186355,-237.529615797623,-74.705583698741,20.6454334223695,0.0,-2.16058061276695,0.0,0.0,-195.630463224673,,14.3215783161888,-6968.07212213403,-8397.23072903429,4137.16100696657,-136.561377632846,-592.005440066174,-10.9143885383541,-2.91075360405971,-1413.27741067693,,-552.33302954795,-129.242506142382,-56.2684078108814,2.72848410531878e-12,-10.8949111800758,-15.0676513213147,-3.75206151317525,0.0,40.8814167754526,,-84.1408910923956,0.0,0.0,0.0,0.0,0.0,0.0,0.0,0.0,,0.0,-2.36292923399526,-3.54439385099289,-23.2839094461087
complex 40 - minimized,-114.671878342386,-81.0186121208408,19.7871499489793,-11.5214339980108,-14.7958415082321,-4.21929329555008,0.0,59.5439444942544,,-82.4477918629848,17.7000327440615,-10.0217673182136,19.7871499489744,0.0,-0.145172870009416,0.0,0.0,7.07369845017763,,1.00612453313214,-237.13796266967,-73.5108483558802,20.6022484068024,0.0,-2.16155462136732,0.0,0.0,-196.388056475087,,14.3202483758616,-7355.2179758878,-8640.11703489808,4134.10740071467,-142.601910874777,-591.175162402643,-15.9255048253919,-6.7778715788949,-1481.6525873948,,-611.075304627875,-237.13796266967,-73.5108483558802,20.6022484068024,0.0,-2.16155462136732,0.0,0.0,-196.388056475087,,14.3202483758616,-7003.40813487574,-8485.58757442136,4093.71800235889,-131.080476876766,-574.217766273043,-11.7062115298418,-6.7778715788949,-1344.80847541397,,-542.947761140752,-132.371911086447,-70.9968448026266,5.00222085975111e-12,-11.5214339980108,-14.6506686382228,-4.21929329555008,0.0,52.4702460440767,,-83.4539163961169,0.0,0.0,0.0,0.0,0.0,0.0,0.0,0.0,,0.0,-2.38899746546637,-3.58349619819955,-23.540781438829
complex 40 - minimized,-112.376970695818,-62.8016318400751,15.6728364864507,-9.74437213446052,-16.1497012825115,-4.74281784171047,0.0,49.6222180169812,,-84.2335021004873,15.2896056707185,-4.59235304060877,15.6728364864486,0.0,-0.186378548909441,0.0,0.0,3.87255358800167,,0.522947185786517,-237.110889709535,-74.6256508878428,20.6055219648176,0.0,-2.16137477648381,0.0,0.0,-195.246774441927,,14.3173884319008,-7428.77598452883,-8562.51224991448,4093.23447788626,-144.485941506351,-590.159220767929,-19.4419132502763,-4.41013151630382,-1562.95272721212,,-638.048278247634,-237.110889709535,-74.6256508878428,20.6055219648176,0.0,-2.16137477648381,0.0,0.0,-195.246774441927,,14.3173884319008,-7079.28812412348,-8425.08496718656,4056.95611943499,-134.74156937189,-571.848144708933,-14.6990954085658,-4.41013151630382,-1417.32817078717,,-568.132164579048,-127.666576366536,-58.2092787994661,1.81898940354586e-12,-9.74437213446052,-15.9633227336021,-4.74281784171047,0.0,45.7496644289795,,-84.7564492862738,0.0,0.0,0.0,0.0,0.0,0.0,0.0,0.0,,0.0,-2.34118688949621,-3.51178033424432,-23.0696640200593
complex 40 - minimized,-112.407021838501,-83.108621255662,9.51124120968052,-9.74039277325602,-16.2198224866123,-5.24370718636777,0.0,74.2279357204316,,-81.8336550667156,11.4698755838903,-4.63212826710219,9.51124120968183,0.0,-0.153240481491638,0.0,0.0,4.46393581347775,,2.28006730932455,-236.988818583856,-73.4555594536925,20.5944154504086,0.0,-2.16157703676459,0.0,0.0,-196.284308689434,,14.3182111456268,-7407.40390078718,-8540.18929687096,4029.68950405903,-143.804525969891,-585.669817296542,-18.1148334787001,-10.9846896329028,-1558.73539752244,,-579.594844074773,-236.988818583856,-73.4555594536925,20.5944154504086,0.0,-2.16157703676459,0.0,0.0,-196.284308689434,,14.3182111456268,-7058.00806036482,-8383.62511616161,3999.58384739895,-134.064133196635,-567.288417773165,-12.8711262923324,-10.9846896329028,-1436.67902455344,,-512.079400153685,-123.876897422391,-78.4764929885605,-1.36424205265939e-12,-9.74039277325602,-16.0665820051207,-5.24370718636777,0.0,69.7639999069538,,-84.1137223760402,0.0,0.0,0.0,0.0,0.0,0.0,0.0,0.0,,0.0,-2.34181295496878,-3.51271943245317,-23.0758331645097
complex 40 - minimized,-104.202723944652,-85.1946757947608,13.081936650879,-9.85242841810901,-15.9399114306357,-4.51620014881627,0.0,71.2264447228649,,-73.0078895260764,13.8957587302367,-6.6936229661967,13.0819366508778,0.0,0.00310853102592379,0.0,0.0,2.53704888128698,,4.96728763324275,-237.227613106376,-74.6768396328464,20.6129879686856,0.0,-2.16331064798712,0.0,0.0,-195.31702891205,,14.3165781178222,-7336.33826029647,-8627.98088041443,4062.12525640587,-145.504561094313,-578.313816961712,-18.6914527605881,-6.41584589089849,-1497.0994240086,,-524.457535571806,-237.227613106376,-74.6768396328464,20.6129879686856,0.0,-2.16331064798712,0.0,0.0,-195.31702891205,,14.3165781178222,-6994.90792324545,-8468.10936498682,4028.43033178631,-135.652132676204,-560.210594883089,-14.1752526117718,-6.41584589089849,-1373.00883981941,,-465.766224163552,-118.098482674889,-78.5010528285638,9.09494701772928e-13,-9.85242841810901,-15.9430199616617,-4.51620014881627,0.0,68.6893958415778,,-77.9751771593192,0.0,0.0,0.0,0.0,0.0,0.0,0.0,0.0,,0.0,-2.17089008218026,-3.25633512327039,-21.3915877647659
complex 40 - minimized,-110.766761337106,-53.6219184825186,10.4711661400147,-10.061641104694,-15.402547792584,-4.62395886388425,0.0,40.5925802515749,,-78.1204414850167,21.0293061218972,14.1822467630328,10.4711661400167,0.0,1.0682083106302,0.0,0.0,-12.8842581210647,,8.19194302928211,-242.22224643204,-92.8063419605492,26.2602744930739,0.0,-3.38323368360934,0.0,0.0,-180.950988949143,,8.65804366818709,-7376.68187346755,-8632.67500430594,4116.40413302686,-150.654609124793,-594.039825842614,-15.561958238082,-5.96160046066995,-1509.90872626183,,-584.284282260479,-242.22224643204,-92.8063419605492,26.2602744930739,0.0,-3.38323368360934,0.0,0.0,-180.950988949143,,8.65804366818709,-7023.6928656984,-8486.24674386287,4079.67269239378,-140.592968020099,-575.254044366421,-10.9379993741978,-5.96160046066995,-1369.55031756427,,-514.821884443649,-131.796067459003,-67.8041652455522,-1.81898940354586e-12,-10.061641104694,-16.4707561032142,-4.62395886388425,0.0,53.4768383726396,,-86.3123845142987,0.0,0.0,0.0,0.0,0.0,0.0,0.0,0.0,,0.0,-2.30764086118971,-3.46146129178456,-22.739107068066
complex 40 - minimized,-111.01089805067,-78.0808376492514,13.9030253742062,-9.07053387184416,-16.7864197842663,-4.82857946315215,0.0,65.7349061816408,,-81.8824588380085,12.3319036713551,-7.31920645258236,13.9030253742074,0.0,-0.0551481893145813,0.0,0.0,3.54924327758931,,2.25398966145554,-237.029022436697,-74.7076206243915,20.6255535838392,0.0,-2.16300507747193,0.0,0.0,-195.106510341795,,14.3225600231219,-7431.53012736632,-8620.98241996753,4019.09248489957,-152.745160496002,-586.766251832191,-11.3491382337381,-11.8235489576061,-1503.1368376264,,-563.819255152434,-237.029022436697,-74.7076206243915,20.6255535838392,0.0,-2.16300507747193,0.0,0.0,-195.106510341795,,14.3225600231219,-7083.49020687895,-8468.19396169388,3984.56390594153,-143.674626624158,-567.816826970452,-6.52055877058594,-11.8235489576061,-1373.76523346624,,-496.259356337548,-123.342801722025,-70.7616311966685,-1.36424205265939e-12,-9.07053387184416,-16.7312715949516,-4.82857946315215,0.0,62.1856629040512,,-84.136448499464,0.0,0.0,0.0,0.0,0.0,0.0,0.0,0.0,,0.0,-2.3127270427223,-3.46909056408344,-22.7892254501688
complex 40 - minimized,-103.166354884834,-71.4576042241642,12.696469308185,-9.98747306144494,-15.6980309621537,-0.765429861610487,0.0,60.6212362122224,,-78.5755222958784,12.5538463593474,-5.85942534913748,12.6964693081854,0.0,-0.135640464823166,0.0,0.0,5.25998935321002,,0.592453511912403,-237.080399229907,-73.3165565942947,20.4967538895984,0.0,-2.1720852379746,0.0,0.0,-196.396510138529,,14.3079988512934,-7390.37025988754,-8614.39388379364,4063.78283785031,-147.740225501402,-591.183550469373,-10.6407357987724,-8.41365088455911,-1524.58128925903,,-557.199762031078,-237.080399229907,-73.3165565942947,20.4967538895984,0.0,-2.1720852379746,0.0,0.0,-196.396510138529,,14.3079988512934,-7050.1235057728,-8469.61972297518,4030.58961465253,-137.752752439957,-573.313434269245,-9.87530593716191,-8.41365088455911,-1388.80601533273,,-492.932238586493,-115.720201244181,-65.5981788750269,-4.54747350886464e-13,-9.98747306144494,-15.5623904973305,-0.765429861610487,0.0,55.3612468590122,,-79.1679758077908,0.0,0.0,0.0,0.0,0.0,0.0,0.0,0.0,,0.0,-2.1492990601007,-3.22394859015105,-21.1788334445278
complex 40 - minimized,-116.954928345021,-102.927096414345,16.6740207410285,-11.5478279638183,-16.8894694772112,-4.20627670787783,0.0,77.4542814551924,,-75.512559977981,17.5234893600363,-2.03188093714837,16.67402074103,0.0,-0.315867457513883,0.0,0.0,2.53748844552604,,0.659728568142775,-237.371731296246,-73.4744189432707,20.5962170489276,0.0,-2.16134918005326,0.0,0.0,-196.658145990444,,14.3259657685938,-7233.02636080148,-8637.60568291291,4216.10117009733,-150.188496299824,-591.500347560743,-14.9434710547843,-4.80369833772018,-1504.97870531082,,-545.107129422012,-237.371731296246,-73.4744189432707,20.5962170489276,0.0,-2.16134918005326,0.0,0.0,-196.658145990444,,14.3259657685938,-6878.69970116022,-8461.2041675553,4178.83093230738,-138.640668336006,-572.449528903479,-10.7371943469064,-4.80369833772018,-1385.77484077556,,-483.920535212625,-134.478417705058,-100.895215477198,-1.81898940354586e-12,-11.5478279638183,-16.5736020196972,-4.20627670787783,0.0,74.9167930096664,,-76.1722885461238,0.0,0.0,0.0,0.0,0.0,0.0,0.0,0.0,,0.0,-2.43656100718795,-3.65484151078192,-24.0094646234325
complex 40 - minimized,-113.319698755094,-74.4461562849319,14.0687757804462,-10.852712639472,-14.9799499975413,-4.36894235718955,0.0,53.6028858546711,,-76.3435991110748,13.6616497636415,-4.68110376133966,14.0687757804448,0.0,-0.167835877867243,0.0,0.0,3.47681094524353,,0.965002677159923,-237.486139116918,-74.6824954585592,20.6491377929147,0.0,-2.16043015140205,0.0,0.0,-195.605246459953,,14.3128951600814,-7251.81385716741,-8660.15920666639,4205.06695702568,-149.93683709687,-584.304154939064,-13.2238884125452,-3.84697604959518,-1488.03011969156,,-557.379631337063,-237.486139116918,-74.6824954585592,20.6491377929147,0.0,-2.16043015140205,0.0,0.0,-195.605246459953,,14.3128951600814,-6901.00801929539,-8511.0305549229,4170.34904345232,-139.084124457398,-567.163774790121,-8.8549460553557,-3.84697604959518,-1346.02775908628,,-495.348927386069,-126.981348518735,-69.7650525235913,1.81898940354586e-12,-10.852712639472,-14.812114119674,-4.36894235718955,0.0,50.1260749094274,,-77.3086017882348,0.0,0.0,0.0,0.0,0.0,0.0,0.0,0.0,,0.0,-2.36082705739778,-3.54124058609668,-23.2631949495291
complex 40 - minimized,-114.057495083346,-91.6344559387071,16.2708468933588,-10.7774362275958,-17.2364588166708,-4.58530950125058,0.0,63.7853562941016,,-69.880037786583,17.0239562176819,-1.75472056167068,16.2708468933603,0.0,-0.293462598572417,0.0,0.0,1.06117821237649,,1.740114272188,-237.349518694215,-74.656734015782,20.6263512366175,0.0,-2.16130912260242,0.0,0.0,-195.466493219921,,14.3086664274727,-7383.17801836648,-8710.59381689172,4137.79880715811,-148.962532870864,-599.75433687244,-12.8246521132643,-4.18491353930725,-1429.37557093408,,-615.281002302919,-237.349518694215,-74.656734015782,20.6263512366175,0.0,-2.16130912260242,0.0,0.0,-195.466493219921,,14.3086664274727,-7031.77100458892,-8544.30262693723,4100.90160902814,-138.185096643269,-580.356568933167,-8.23934261201376,-4.18491353930725,-1297.69443400826,,-559.709630943809,-131.081451301028,-89.8797353770369,-1.81898940354586e-12,-10.7774362275958,-16.9429962180984,-4.58530950125058,0.0,62.7241780817251,,-71.6201520587711,0.0,0.0,0.0,0.0,0.0,0.0,0.0,0.0,,0.0,-2.37619781423638,-3.56429672135457,-23.4146558164899
complex 40 - minimized,-113.285050905606,-98.5418124381649,21.7519309520967,-11.0799143108913,-17.0141450412727,-4.1342935564861,0.0,77.2985991769547,,-81.5654156878397,21.6045753371135,-9.75925906693642,21.7519309520955,0.0,-0.0378178758863319,0.0,0.0,6.74232134818692,,2.90739997965397,-237.317153742817,-74.4287981947655,20.4823045187985,0.0,-2.17329723545345,0.0,0.0,-195.470022446672,,14.272659615276,-7271.84369688608,-8627.47465085652,4137.35856872246,-149.440558057622,-591.447588478383,-12.7599023516141,-11.6741005542006,-1470.99660986491,,-545.408855445284,-237.317153742817,-74.4287981947655,20.4823045187985,0.0,-2.17329723545345,0.0,0.0,-195.470022446672,,14.272659615276,-6921.24149223765,-8454.50404022359,4095.12433325156,-138.360643746731,-572.260146201657,-8.62560879512802,-11.6741005542006,-1352.82518659519,,-478.11609937272,-134.88962624272,-88.7825533712294,1.36424205265939e-12,-11.0799143108913,-16.9763271653865,-4.1342935564861,0.0,70.5562778287676,,-84.4728156674936,0.0,0.0,0.0,0.0,0.0,0.0,0.0,0.0,,0.0,-2.36010522720013,-3.54015784080019,-23.2560821554954
complex 40 - minimized,-113.047934918693,-66.0699879174626,17.327907883127,-11.0365095329622,-17.0539848088057,-5.04531439713629,0.0,49.8786478394279,,-81.0486939848826,18.3068053132227,-5.88291141857819,17.327907883123,0.0,-0.125601390084878,0.0,0.0,5.70289935869596,,1.28451088006691,-237.706231341018,-74.6249484163287,20.6010650761031,0.0,-2.16142564233039,0.0,0.0,-195.829189832353,,14.3082674738903,-7386.15953157242,-8551.73139763838,4101.85915978994,-147.602525803726,-591.1778779753,-13.5157936798047,-5.88400878408019,-1539.06383467292,,-639.043252808168,-237.706231341018,-74.6249484163287,20.6010650761031,0.0,-2.16142564233039,0.0,0.0,-195.829189832353,,14.3082674738903,-7035.40536531271,-8411.03646130459,4063.93018683071,-136.566016270764,-571.962467524164,-8.47047928266837,-5.88400878408019,-1393.11329267999,,-572.302826297176,-131.354740231915,-60.1870764988853,4.09272615797818e-12,-11.0365095329622,-16.9283834187208,-5.04531439713629,0.0,44.175748480732,,-82.3332048649495,0.0,0.0,0.0,0.0,0.0,0.0,0.0,0.0,,0.0,-2.3551653108061,-3.53274796620914,-23.2074050456035
complex 40 - minimized,-114.234292483422,-55.3768509634865,11.86702096713,-8.44269460156801,-16.8753634324283,-5.18431324621631,0.0,41.2253896191705,,-81.4474808260281,11.3772161471104,2.09112971022036,11.8670209671299,0.0,-0.0774523110798047,0.0,0.0,-3.18361165263536,,0.680129433475457,-237.25743514186,-74.6372158652619,20.6068066945933,0.0,-2.16286221178784,0.0,0.0,-195.372095537074,,14.30793177767,-7395.02714474773,-8558.68563174888,4128.03158498723,-143.013392545543,-604.161700169873,-16.6590191423441,-5.07016352662667,-1529.95802243431,,-665.510800167397,-237.25743514186,-74.6372158652619,20.6068066945933,0.0,-2.16286221178784,0.0,0.0,-195.372095537074,,14.30793177767,-7043.53541712245,-8428.67156492013,4095.55775732551,-134.570697943975,-585.123474525656,-11.4747058961278,-5.07016352662667,-1375.8113165164,,-598.371251119039,-125.611508630532,-57.4679806737058,4.54747350886464e-13,-8.44269460156801,-16.7979111213485,-5.18431324621631,0.0,44.4090012718061,,-82.1276102595036,0.0,0.0,0.0,0.0,0.0,0.0,0.0,0.0,,0.0,-2.37988109340462,-3.56982164010694,-23.4509502333452
complex 40 - minimized,-101.827833864644,-54.6021487556864,19.0234228735003,-10.0356937166595,-16.4756281727226,-4.65363955005405,0.0,44.4151960830904,,-79.4993426261133,19.4071658033288,-6.46802840277171,19.0234228734976,0.0,-0.0969059566932358,0.0,0.0,5.30179035214326,,1.64688693715286,-236.960210651079,-74.6492232335498,20.6245913623885,0.0,-2.1618079680439,0.0,0.0,-195.085485659975,,14.3117148481015,-7345.34535008766,-8575.66356613054,4053.60852822031,-147.690324804512,-586.127240797823,-14.068949440976,-6.87919809303907,-1523.2759869523,,-545.24861208877,-236.960210651079,-74.6492232335498,20.6245913623885,0.0,-2.1618079680439,0.0,0.0,-195.085485659975,,14.3117148481015,-7006.55730557193,-8446.41219414131,4013.96051398442,-137.654631087852,-567.489804657057,-9.41530989092199,-6.87919809303907,-1372.60569737542,,-480.060984310758,-121.234999667973,-48.1341203529137,2.72848410531878e-12,-10.0356937166595,-16.3787222160295,-4.65363955005405,0.0,39.1134057309473,,-81.1462295632662,0.0,0.0,0.0,0.0,0.0,0.0,0.0,0.0,,0.0,-2.12141320551342,-3.18211980827013,-20.904050897638
complex 40 - minimized,-97.8763120661069,-26.2210142017739,14.3754703764939,-7.7699499780513,-16.4036093677277,-4.87944901008202,0.0,18.9156367409607,,-75.8933966259264,14.4412784504468,2.31050279542075,14.3754703764941,0.0,-0.0866762051831436,0.0,0.0,-3.70601834510239,,1.54799982881754,-237.229213621805,-74.7151774812304,20.6563836693294,0.0,-2.16237591315457,0.0,0.0,-195.327112839602,,14.3190689428527,-7252.91582412931,-8500.07463165329,4122.95584908122,-146.056256555129,-586.308510081194,-14.2344970360835,-12.1623989936902,-1545.73822332795,,-571.297155563191,-237.229213621805,-74.7151774812304,20.6563836693294,0.0,-2.16237591315457,0.0,0.0,-195.327112839602,,14.3190689428527,-6917.8102984414,-8399.13843997029,4087.9239950354,-138.286306577077,-567.742524800312,-9.35504802600149,-12.1623989936902,-1369.32674722931,,-509.722827880117,-112.317590516554,-28.5315169971946,0.0,-7.7699499780513,-16.3169331625446,-4.87944901008202,0.0,22.6216550860631,,-77.4413964547439,0.0,0.0,0.0,0.0,0.0,0.0,0.0,0.0,,0.0,-2.03908983471056,-3.05863475206584,-20.0928501712281
complex 40 - minimized,-91.2544512456579,-56.5489222060241,21.1026330403015,-10.5314805757095,-15.4227602564561,-4.63850063112743,0.0,51.1051382622534,,-76.3205588788977,21.2871589848187,-9.65828421055838,21.1026330402996,0.0,-0.152680214992658,0.0,0.0,7.94167245392816,,2.05381791614221,-237.280146010993,-74.6473256567091,20.6139285340915,0.0,-2.16108478566975,0.0,0.0,-195.40301685831,,14.3173527556044,-7323.06373679344,-8579.92251455442,4060.48537680231,-145.301433498894,-570.338007252705,-13.2203858568129,-12.5203310101355,-1528.38352707966,,-533.862914343129,-237.280146010993,-74.6473256567091,20.6139285340915,0.0,-2.16108478566975,0.0,0.0,-195.40301685831,,14.3173527556044,-6994.52913953679,-8448.72626669168,4018.76881522792,-134.769952923185,-552.754162210579,-8.5818852256855,-12.5203310101355,-1384.0856484836,,-471.859708219835,-112.541610230477,-46.890637995466,1.81898940354586e-12,-10.5314805757095,-15.2700800414634,-4.63850063112743,0.0,43.1634658083253,,-78.3743767950398,0.0,0.0,0.0,0.0,0.0,0.0,0.0,0.0,,0.0,-1.90113440095121,-2.85170160142681,-18.733460401514
complex 40 - minimized,-119.796335193114,-83.9923841006639,17.4525368541963,-11.1011397916419,-16.8757083335714,-6.01097849191779,0.0,59.4928408607038,,-78.7615021902225,16.9665840863513,-6.21296340448387,17.4525368541961,0.0,-0.0918799946927753,0.0,0.0,4.41732246522974,,1.40156816610197,-237.394008866739,-74.6836484323597,20.6365906334666,0.0,-2.16140624633256,0.0,0.0,-195.504590533555,,14.3190457120411,-7275.9282551574,-8566.55473774647,4111.54781076981,-146.968380551633,-581.155248731146,-15.5946342667193,-12.7071379147236,-1507.65544001797,,-556.840486698548,-237.394008866739,-74.6836484323597,20.6365906334666,0.0,-2.16140624633256,0.0,0.0,-195.504590533555,,14.3190457120411,-6918.73791109755,-8407.87870521345,4073.45868328215,-135.867240759991,-562.118134151242,-9.58365577480152,-12.7071379147236,-1371.64369034512,,-492.398030220366,-136.762919279466,-77.7794206961789,4.54747350886464e-13,-11.1011397916419,-16.7838283388787,-6.01097849191779,0.0,55.0755183954743,,-80.1630703563246,0.0,0.0,0.0,0.0,0.0,0.0,0.0,0.0,,0.0,-2.49575698318987,-3.74363547478481,-24.592771869783
complex 40 - minimized,-103.995445048668,-39.6700565043266,5.76437185716941,-10.4429955709032,-14.2091658620358,-5.29925179503901,0.0,32.9245809093959,,-73.0629280829316,6.65297969931703,-1.7380414913064,5.76437185716744,0.0,-0.0818299725264087,0.0,0.0,-0.116142107734163,,2.82462141371641,-236.863724261856,-73.4961176105427,20.5754448373931,0.0,-2.16345220910148,0.0,0.0,-196.105934450496,,14.3263351708914,-7267.15363757659,-8615.34883107928,4093.73015586261,-152.170035736117,-572.092074193592,-16.818183263969,-3.32132830137041,-1501.47462184703,,-499.658719017848,-236.863724261856,-73.4961176105427,20.5754448373931,0.0,-2.16345220910148,0.0,0.0,-196.105934450496,,14.3263351708914,-6926.29446826607,-8502.18265696441,4067.39033916805,-141.727040165214,-555.719456122455,-11.51893146893,-3.32132830137041,-1338.29326830593,,-440.922126105807,-110.648424747986,-37.9320150130206,2.27373675443232e-12,-10.4429955709032,-14.1273358895094,-5.29925179503901,0.0,33.0407230171299,,-75.887549496648,0.0,0.0,0.0,0.0,0.0,0.0,0.0,0.0,,0.0,-2.16657177184726,-3.24985765777089,-21.349035857029
complex 40 - minimized,-104.920502906534,-69.3328860130841,16.2084555537531,-10.2995915032438,-13.6488691135578,-4.72059959417999,0.0,54.6741512418748,,-77.8011634780991,16.3177686569329,-6.8662614731479,16.2084555537538,0.0,-0.109336687002891,0.0,0.0,6.28703697332617,,0.797874290003428,-237.233317125913,-73.2653803666363,20.4977130187853,0.0,-2.17098120193042,0.0,0.0,-196.590157447511,,14.2954888713798,-7280.66849244913,-8510.8621196106,4135.03217561549,-141.449115454151,-573.690081341882,-13.2305595516032,-8.75774483429742,-1546.71321844489,,-620.997828827202,-237.233317125913,-73.2653803666363,20.4977130187853,0.0,-2.17098120193042,0.0,0.0,-196.590157447511,,14.2954888713798,-6938.51467241668,-8368.26385323088,4098.32600704296,-131.149523950907,-557.870231026394,-8.50995995742321,-8.75774483429742,-1404.79721223925,,-557.492154220482,-121.238271563467,-62.4666245399367,-9.09494701772928e-13,-10.2995915032438,-13.539532426555,-4.72059959417999,0.0,48.3871142685489,,-78.5990377681024,0.0,0.0,0.0,0.0,0.0,0.0,0.0,0.0,,0.0,-2.1858438105528,-3.27876571582919,-21.5389393029747
complex 40 - minimized,-114.571997269382,-73.0250908037706,12.5509633117153,-11.2601155267319,-14.7093808637552,-4.57798704437819,0.0,56.6690151029311,,-80.2194014453952,11.769502648501,-5.39369894169371,12.5509633117122,0.0,0.00368129821257268,0.0,0.0,3.67597907175013,,0.932577908520088,-237.082193530669,-74.6786881830816,20.6463970169513,0.0,-2.16152976456564,0.0,0.0,-195.193389728762,,14.3050171287888,-7310.28578147746,-8660.71756689975,4077.08600385913,-146.134150514352,-579.783994247392,-14.4592371924284,-10.0580597772022,-1483.71498554282,,-492.503791162652,-237.082193530669,-74.6786881830816,20.6463970169513,0.0,-2.16152976456564,0.0,0.0,-195.193389728762,,14.3050171287888,-6958.63159067741,-8513.01378791289,4043.88864353047,-134.874034987621,-562.913083619071,-9.88125014805025,-10.0580597772022,-1345.19061091699,,-426.589406846046,-126.341499917883,-67.6313918620763,3.18323145620525e-12,-11.2601155267319,-14.7130621619679,-4.57798704437819,0.0,52.993036031181,,-81.1519793539153,0.0,0.0,0.0,0.0,0.0,0.0,0.0,0.0,,0.0,-2.3869166097788,-3.5803749146682,-23.5202770349295
complex 40 - minimized,-100.543781964709,-67.5185592208054,17.5845943055219,-10.5518033997724,-14.3963943324574,-4.41263893057425,0.0,52.7253660214656,,-73.974346408086,16.6870769751157,-5.38791024902316,17.5845943055246,0.0,-0.112876081225648,0.0,0.0,3.71156181527431,,0.891707184565607,-237.01429447558,-74.6912986217015,20.6339203117573,0.0,-2.16031632309214,0.0,0.0,-195.128210748223,,14.3316109056791,-7351.74269558884,-8576.92576113206,4074.56054019264,-141.205973489745,-579.76219384256,-13.1285105788628,-7.34774371707475,-1512.42274471164,,-595.510308309541,-237.01429447558,-74.6912986217015,20.6339203117573,0.0,-2.16031632309214,0.0,0.0,-195.128210748223,,14.3316109056791,-7014.18461914855,-8434.71590328956,4036.34202557536,-130.654170089973,-563.205483187011,-8.71587164828853,-7.34774371707475,-1370.01989998488,,-535.867572807134,-117.230858939824,-62.1306489717826,-2.72848410531878e-12,-10.5518033997724,-14.2835182512317,-4.41263893057425,0.0,49.0138042061913,,-74.8660535926517,0.0,0.0,0.0,0.0,0.0,0.0,0.0,0.0,,0.0,-2.09466212426476,-3.14199318639714,-20.6404502174238
complex 40 - minimized,-96.8475302544621,-49.3269277898708,18.9651804013893,-9.85619715121055,-14.6063816805084,-4.79066160895738,0.0,45.4456671098269,,-82.6782095351285,19.8293484256187,-3.27447214758385,18.965180401387,0.0,-0.102172112562663,0.0,0.0,3.82958288642044,,0.411229397957843,-237.083747115198,-74.6918096361942,20.6473327048907,0.0,-2.16084920543589,0.0,0.0,-195.195346602666,,14.3169256242076,-7265.50300596037,-8590.03523040498,4144.39191073225,-140.526173122985,-591.940447281621,-13.830230205277,-2.98143968506942,-1488.29746743043,,-582.283928562256,-237.083747115198,-74.6918096361942,20.6473327048907,0.0,-2.16084920543589,0.0,0.0,-195.195346602666,,14.3169256242076,-6931.57172859071,-8466.01649297892,4104.77939762597,-130.669975971774,-575.173216395677,-9.03956859631966,-2.98143968506942,-1338.54778793759,,-513.922644651335,-116.67687868008,-46.0524556422861,1.81898940354586e-12,-9.85619715121055,-14.5042095679457,-4.79066160895738,0.0,41.6160842234062,,-83.0894389330863,0.0,0.0,0.0,0.0,0.0,0.0,0.0,0.0,,0.0,-2.01765688030129,-3.02648532045194,-19.8816534233745
complex 40 - minimized,-97.3927906754452,-51.6477594574299,15.6507414329508,-10.971843059307,-13.8762121865656,-4.90422042783715,0.0,40.4131694563926,,-72.0566664336487,25.5971476763709,9.9042341058571,15.6507414329512,0.0,1.12210877550823,0.0,0.0,-9.61529312764162,,8.53535648969588,-241.856295467181,-92.4064889735943,25.927298448572,0.0,-3.38574094961766,0.0,0.0,-180.614907933133,,8.62354394059237,-7370.69979169043,-8664.06118390395,4048.13510135179,-148.002430954139,-582.380135795758,-13.5018947274284,-10.4954801497606,-1416.81768472885,,-583.57608278233,-241.856295467181,-92.4064889735943,25.927298448572,0.0,-3.38574094961766,0.0,0.0,-180.614907933133,,8.62354394059237,-7031.4507055478,-8520.00693547293,4006.55706147027,-137.030587894832,-565.118182659575,-8.59767429959125,-10.4954801497606,-1276.61594625211,,-520.142960289274,-122.989938351816,-61.5519935632874,-4.54747350886464e-13,-10.971843059307,-14.9983209620739,-4.90422042783715,0.0,50.0284625840341,,-80.5920229233445,0.0,0.0,0.0,0.0,0.0,0.0,0.0,0.0,,0.0,-2.02901647240511,-3.04352470860766,-19.9935889439498
complex 40 - minimized,-107.024277050195,-78.4276552504107,17.903777160891,-9.25797098295723,-14.5722862403679,-4.43870583924268,0.0,60.5771663191072,,-78.8086022172157,16.9791124361892,-6.53467382084297,17.9037771608902,0.0,-0.111089862262301,0.0,0.0,5.46831764938838,,0.252781309015802,-237.046489923578,-73.4346966800969,20.5775694684043,0.0,-2.16138506726984,0.0,0.0,-196.344328104583,,14.3163504599675,-7402.33370803998,-8687.08378130021,4017.16343778193,-144.117975173393,-578.754164168277,-15.3289446419668,-10.9600651173099,-1421.50924347403,,-561.742971946729,-237.046489923578,-73.4346966800969,20.5775694684043,0.0,-2.16138506726984,0.0,0.0,-196.344328104583,,14.3163504599675,-7058.2629410662,-8535.2214293697,3978.68209115264,-134.860004190436,-562.020492860639,-10.8902388027242,-10.9600651173099,-1285.74208168855,,-497.250720189481,-124.003389486384,-71.892981429568,9.09494701772928e-13,-9.25797098295723,-14.4611963781057,-4.43870583924268,0.0,55.1088486697186,,-79.0613835262316,0.0,0.0,0.0,0.0,0.0,0.0,0.0,0.0,,0.0,-2.22967243854572,-3.34450865781858,-21.970819272401
complex 40 - minimized,-105.652772445334,-55.2894342948293,17.8318072395568,-9.70221950653124,-15.3433922588068,-4.39345651713064,0.0,40.8266237505532,,-79.5827008581546,17.1416490070598,-10.0067735354941,17.8318072395554,0.0,-0.0927257843516793,0.0,0.0,7.04650905670644,,2.3628320306434,-236.808157987581,-73.4813488965434,20.5757974783963,0.0,-2.16212000364466,0.0,0.0,-196.061574969989,,14.3210884042005,-7363.07163141083,-8601.8369216983,4126.50699562206,-141.197463769593,-584.512591548309,-14.0864748926024,-6.21746845923274,-1487.8998569533,,-653.827849711563,-236.808157987581,-73.4813488965434,20.5757974783963,0.0,-2.16212000364466,0.0,0.0,-196.061574969989,,14.3210884042005,-7020.61070097792,-8473.06613850693,4088.09939090411,-131.495244263062,-567.007079285858,-9.69301837547177,-6.21746845923274,-1332.66490573386,,-588.566237257609,-122.794421452393,-45.2826607593342,1.36424205265939e-12,-9.70221950653124,-15.2506664744551,-4.39345651713064,0.0,33.7801146938468,,-81.945532888798,0.0,0.0,0.0,0.0,0.0,0.0,0.0,0.0,,0.0,-2.20109942594445,-3.30164913891667,-21.689265585376
complex 40 - minimized,-97.8889404160773,-49.3756240984476,16.6636124853758,-8.92732332226532,-14.3503705406462,-4.27851334966091,0.0,33.9646262509791,,-71.5853478414075,15.1233292758699,-4.08725171493938,16.6636124853725,0.0,-0.0492019094501011,0.0,0.0,1.35717443070871,,1.23899598417868,-237.240164601828,-74.6731205826404,20.6345935024975,0.0,-2.1608074050982,0.0,0.0,-195.358909118485,,14.3180790018981,-7415.37532500213,-8704.74839221775,4064.66705398906,-154.214824416895,-588.644856755135,-13.0902609652179,-5.54885914780244,-1462.84311772915,,-550.95206775923,-237.240164601828,-74.6731205826404,20.6345935024975,0.0,-2.1608074050982,0.0,0.0,-195.358909118485,,14.3180790018981,-7080.24621998422,-8580.69964753666,4027.36884800119,-145.28750109463,-572.133678809391,-8.81174761555699,-5.54885914780244,-1301.44883486165,,-493.68479891972,-113.012269691947,-45.2883723835075,3.18323145620525e-12,-8.92732332226532,-14.3011686311961,-4.27851334966091,0.0,32.6074518202704,,-72.8243438255862,0.0,0.0,0.0,0.0,0.0,0.0,0.0,0.0,,0.0,-2.03935292533494,-3.05902938800241,-20.095442622236
complex 40 - minimized,-101.816925862106,-49.1606665662293,17.9354914309765,-9.47676557533927,-14.8696137953148,-4.67313456519415,0.0,36.361626606566,,-77.9338633975675,16.9545602599101,-7.37800498074998,17.9354914309796,0.0,-0.104420022561932,0.0,0.0,5.88650666156423,,0.614987170678177,-237.324483831505,-74.7249915219432,20.6465346531087,0.0,-2.16173464640333,0.0,0.0,-195.403646037234,,14.3193537209664,-7350.02058327194,-8637.95231168672,4105.40654245642,-148.105464005568,-582.208050827923,-12.0768707769532,-4.87448075812489,-1473.69833313358,,-596.511614539485,-237.324483831505,-74.7249915219432,20.6465346531087,0.0,-2.16173464640333,0.0,0.0,-195.403646037234,,14.3193537209664,-7010.87917357833,-8514.06665359855,4066.82451637234,-138.628698430229,-565.176702386205,-7.40373621175901,-4.87448075812489,-1314.65631370292,,-532.897104862884,-118.771486122016,-41.7826615854792,-3.18323145620525e-12,-9.47676557533927,-14.7651937727529,-4.67313456519415,0.0,30.4751199450016,,-78.5488505682457,0.0,0.0,0.0,0.0,0.0,0.0,0.0,0.0,,0.0,-2.12118595546053,-3.1817789331908,-20.9018116136269
complex 40 - minimized,-103.383484949267,-59.3662799855229,19.7436958632688,-8.89732128070443,-14.9664739569397,-4.7970864195525,0.0,48.6210252998487,,-83.7210444696632,18.4829615275347,-9.94800870599634,19.7436958632701,0.0,0.0515763638377424,0.0,0.0,8.75940089488245,,-0.123702888459345,-237.212093841799,-73.4349105249043,20.5756584138311,0.0,-2.16193127425734,0.0,0.0,-196.510112241024,,14.3192017845558,-7337.26525376132,-8671.65844058872,4207.35996841482,-147.117230007637,-577.558459392717,-13.7689121813357,-8.03076509725032,-1485.93375009322,,-640.557664815256,-237.212093841799,-73.4349105249043,20.5756584138311,0.0,-2.16193127425734,0.0,0.0,-196.510112241024,,14.3192017845558,-6996.66967497025,-8538.85725007829,4167.04061413772,-138.219908726932,-560.43005416152,-8.97182576178315,-8.03076509725032,-1338.04466315205,,-571.155822130148,-121.866446476801,-49.4182712795264,-1.81898940354586e-12,-8.89732128070443,-15.0180503207774,-4.7970864195525,0.0,39.8616244049663,,-83.5973415812039,0.0,0.0,0.0,0.0,0.0,0.0,0.0,0.0,,0.0,-2.15382260310973,-3.23073390466459,-21.2234076807268
complex 40 - minimized,-92.8553595848707,-35.4481885490659,14.7139879782726,-9.41450708422238,-13.2991886080114,-5.40879508932571,0.0,25.7435702384014,,-69.7422384709165,21.8730641428851,6.37251315045862,14.713987978272,0.0,1.35598601309643,0.0,0.0,-8.55150384515059,,7.98208084620844,-241.877721279805,-92.7525145558859,26.2372257005332,0.0,-3.38288306595296,0.0,0.0,-180.634475523685,,8.65492616518547,-7463.49523471109,-8679.26834429321,4050.95882344003,-151.154371629087,-579.239762583545,-13.5478509973064,-12.2770262182294,-1503.86669868951,,-575.100003740234,-241.877721279805,-92.7525145558859,26.2372257005332,0.0,-3.38288306595296,0.0,0.0,-180.634475523685,,8.65492616518547,-7128.76215384642,-8551.06764118826,4010.00760976123,-141.739864544864,-562.557690909581,-8.13905590798068,-12.2770262182294,-1348.97579340423,,-514.012691434503,-114.728423727756,-41.8207016995257,4.54747350886464e-13,-9.41450708422238,-14.6551746211078,-5.40879508932571,0.0,34.295074083552,,-77.724319317125,0.0,0.0,0.0,0.0,0.0,0.0,0.0,0.0,,0.0,-1.93448665801814,-2.90172998702721,-19.0621079641229
complex 40 - minimized,-108.099689456713,-78.0603725799447,18.9216519889128,-9.5882523984076,-14.658243332401,-4.97949744954298,0.0,58.5532075864412,,-78.2881832717787,18.0546239750543,-6.48457068949533,18.9216519889157,0.0,-0.0975041436718684,0.0,0.0,5.34656523538729,,0.368481583918072,-237.015098709206,-74.7316073218339,20.6660198212539,0.0,-2.16116611073688,0.0,0.0,-195.101889410642,,14.3135443127528,-7394.25565662463,-8722.22339665265,4059.11690421178,-148.350739087395,-580.528298284301,-15.2200182723823,-16.7828265932915,-1441.21450240115,,-529.052779545258,-237.015098709206,-74.7316073218339,20.6660198212539,0.0,-2.16116611073688,0.0,0.0,-195.101889410642,,14.3135443127528,-7049.14086845871,-8569.43141675087,4019.52923240162,-138.762486688988,-563.708888841163,-10.2405208228393,-16.7828265932915,-1304.66582057695,,-465.078140586233,-126.154313431768,-71.5758018904489,-2.72848410531878e-12,-9.5882523984076,-14.560739188729,-4.97949744954298,0.0,53.2066423510537,,-78.6566648556968,0.0,0.0,0.0,0.0,0.0,0.0,0.0,0.0,,0.0,-2.25207686368153,-3.37811529552229,-22.1915887303049
complex 40 - minimized,-104.03340597514,-55.1964311084739,17.0640240404023,-7.78391199545268,-15.6611817023959,-4.18532692477138,0.0,38.6526437153873,,-76.9232219998415,16.3611211920125,1.11572584535396,17.064024040402,0.0,-0.260145449456455,0.0,0.0,-2.52086557094981,,0.962382326662695,-237.088024872504,-74.651515082585,20.6204672475037,0.0,-2.16196973812895,0.0,0.0,-195.214431444097,,14.3194241448036,-7356.59541892549,-8653.71806970176,4107.18191741129,-146.132229952413,-581.724739603487,-14.1244557092461,-6.13437232014007,-1496.62521404074,,-565.318255008998,-237.088024872504,-74.651515082585,20.6204672475037,0.0,-2.16196973812895,0.0,0.0,-195.214431444097,,14.3194241448036,-7015.47398807784,-8523.8701235107,4069.49742612338,-138.34831795696,-563.901588162963,-9.93912878447473,-6.13437232014007,-1340.06342631203,,-502.71445715396,-120.394527167153,-56.3121569538289,4.54747350886464e-13,-7.78391199545268,-15.4010362529394,-4.18532692477138,0.0,41.1735092863371,,-77.8856043265042,0.0,0.0,0.0,0.0,0.0,0.0,0.0,0.0,,0.0,-2.16736262448209,-3.25104393672314,-21.3568287866139
complex 40 - minimized,-98.1248512117263,-35.5475138105667,17.7829662003505,-7.51502873703362,-14.8841309278325,-4.84858536477512,0.0,22.7022930521903,,-75.8148516240602,17.5971087831595,1.6184853280819,17.7829662003529,0.0,-0.155677106086832,0.0,0.0,-2.7962921691684,,1.14762652998004,-237.060269212069,-74.6361862379959,20.6118502778507,0.0,-2.1611024973553,0.0,0.0,-195.187627639932,,14.3127968853632,-7334.59914231846,-8636.34431306472,4166.03519759689,-145.968128058156,-581.624977337911,-15.494710866007,-7.11365863939447,-1485.01412500645,,-629.074426942706,-237.060269212069,-74.6361862379959,20.6118502778507,0.0,-2.1611024973553,0.0,0.0,-195.187627639932,,14.3127968853632,-6999.41402189466,-8526.16061301616,4127.64038111868,-138.453099321123,-564.579743912723,-10.6461255012319,-7.11365863939447,-1312.5287904187,,-567.572372204009,-115.721959994886,-37.1659991386496,-1.81898940354586e-12,-7.51502873703362,-14.7284538217457,-4.84858536477512,0.0,25.4985852213586,,-76.9624781540402,0.0,0.0,0.0,0.0,0.0,0.0,0.0,0.0,,0.0,-2.04426773357763,-3.06640160036645,-20.1438723206041
complex 40 - minimized,-98.0355556642644,-53.3138671107845,16.864876826965,-7.50048635462591,-15.2715786719162,-4.74734682975278,0.0,44.4731307521279,,-78.5402842762754,16.2473868035779,0.900192880635473,16.8648768269634,0.0,-0.115429989426214,0.0,0.0,-2.02248354875962,,0.620230634164905,-236.981326134415,-73.4759241598786,20.5784532498257,0.0,-2.16187086941183,0.0,0.0,-196.240254551668,,14.3182701967179,-7383.35555917038,-8604.45917069239,4065.07120225515,-140.199192585476,-580.137652765346,-13.271646934196,-13.2194837068389,-1465.65535226685,,-631.484262474414,-236.981326134415,-73.4759241598786,20.5784532498257,0.0,-2.16187086941183,0.0,0.0,-196.240254551668,,14.3182701967179,-7048.3386773717,-8477.66937942173,4027.62787217836,-132.69870623085,-562.704203224018,-8.52430010444318,-13.2194837068389,-1313.88822846731,,-567.262248394856,-114.282942467843,-54.2140599914201,1.36424205265939e-12,-7.50048635462591,-15.15614868249,-4.74734682975278,0.0,46.4956143008876,,-79.1605149104403,0.0,0.0,0.0,0.0,0.0,0.0,0.0,0.0,,0.0,-2.04240740967217,-3.06361111450826,-20.1255409999992
complex 40 - minimized,-104.378031448795,-58.4536948604855,5.51922495052622,-11.0690448993487,-13.4706289002528,-3.67630493398817,0.0,55.8385185155685,,-79.0661013208078,8.67981419728505,0.69535069118109,5.51922495052467,0.0,-0.0472825538886164,0.0,0.0,0.78194483412949,,1.73057627533855,-237.187296922565,-74.7088555723694,20.6499985025389,0.0,-2.16129724523679,0.0,0.0,-195.284337772068,,14.3171951645701,-7342.60081896388,-8669.26331251056,4091.28527727123,-150.973803339082,-578.931119717363,-13.7776321132447,-5.14051483745168,-1473.11526867932,,-542.684445038083,-237.187296922565,-74.7088555723694,20.6499985025389,0.0,-2.16129724523679,0.0,0.0,-195.284337772068,,14.3171951645701,-7001.03549059252,-8536.1007620777,4065.11605381817,-139.904758439733,-563.299193571873,-10.1013271792565,-5.14051483745168,-1333.66944942282,,-477.935538881846,-113.05784564608,-59.1490455516669,1.36424205265939e-12,-11.0690448993487,-13.4233463463642,-3.67630493398817,0.0,55.056573681439,,-80.7966775961463,0.0,0.0,0.0,0.0,0.0,0.0,0.0,0.0,,0.0,-2.17454232184989,-3.26181348277484,-21.4275763235936
complex 40 - minimized,-104.476011057557,-57.2745000078412,15.3944470157285,-7.79906629401594,-15.1674827350701,-4.85170556675588,0.0,42.5579937541838,,-77.3356972237908,14.953900684386,2.7391997666207,15.394447015728,0.0,-0.12854948142389,0.0,0.0,-4.2418351639335,,1.19063854739487,-236.90263966209,-74.7457525245584,20.6532208885021,0.0,-2.16246243205222,0.0,0.0,-194.968521213613,,14.3208756196313,-7322.68337979431,-8669.24943408244,4138.79513757711,-151.160443705051,-586.09640044043,-14.4824821635384,-10.0602704040239,-1473.00926676669,,-557.420219809254,-236.90263966209,-74.7457525245584,20.6532208885021,0.0,-2.16246243205222,0.0,0.0,-194.968521213613,,14.3208756196313,-6981.30472907466,-8537.22918155004,4102.74746967288,-143.361377411035,-568.766455273308,-9.63077659678255,-10.0602704040239,-1320.59873930726,,-494.405398205094,-119.429911741943,-60.013699774463,0.0,-7.79906629401594,-15.0389332536461,-4.85170556675588,0.0,46.7998289181173,,-78.5263357711857,0.0,0.0,0.0,0.0,0.0,0.0,0.0,0.0,,0.0,-2.17658356369911,-3.26487534554866,-21.4476903793557
complex 40 - minimized,-93.961527699782,-36.267208762798,16.6376093251552,-7.09373138237765,-15.4418061402839,-4.45556604279685,0.0,27.8082171172291,,-75.1490418139127,16.5933517768294,0.722392929954992,16.6376093251545,0.0,-0.217160244453012,0.0,0.0,-2.01517990300783,,1.46568966918067,-237.249818426749,-73.4364041165194,20.5807221215676,0.0,-2.16093399866235,0.0,0.0,-196.553695391655,,14.3204929585204,-7368.51688690666,-8742.31891947319,4081.00190147299,-153.0115900625,-578.550073728302,-15.0587000555996,-7.0421832789802,-1397.7704340223,,-555.766887758773,-237.249818426749,-73.4364041165194,20.5807221215676,0.0,-2.16093399866235,0.0,0.0,-196.553695391655,,14.3204929585204,-7037.30554078013,-8632.61530659388,4043.78357002627,-145.917858680123,-560.947333589355,-10.6031340128027,-7.0421832789802,-1229.02495574787,,-494.938338903381,-110.554879476611,-36.9896016927523,9.09494701772928e-13,-7.09373138237765,-15.2246458958309,-4.45556604279685,0.0,29.8233970202368,,-76.6147314830934,0.0,0.0,0.0,0.0,0.0,0.0,0.0,0.0,,0.0,-1.95753182707879,-2.93629774061819,-19.2891912054907
complex 40 - minimized,-108.719059879936,-60.4069923799343,17.9140488196922,-10.649089798811,-14.1496453327728,-4.83407635295837,0.0,47.7604925909013,,-84.3537974260546,15.4758318730236,-4.88649474305733,17.91404881969,0.0,-0.176771099407337,0.0,0.0,3.73328271519006,,-1.10823381939188,-236.878813874527,-74.6117341908611,20.5953930263885,0.0,-2.16195262094732,0.0,0.0,-195.008002126829,,14.3074820377224,-7378.2273219947,-8650.25088892526,4058.66255098658,-153.458116404777,-569.971670736845,-14.7189100723339,-5.08542602518112,-1444.44976667741,,-598.955094139462,-236.878813874527,-74.6117341908611,20.5953930263885,0.0,-2.16195262094732,0.0,0.0,-195.008002126829,,14.3074820377224,-7032.62944824023,-8515.23216235447,4020.15310914049,-142.809026605966,-553.660072783125,-9.88483371937554,-5.08542602518112,-1297.20225714148,,-528.90877875113,-124.19489175296,-55.5204976368768,2.27373675443232e-12,-10.649089798811,-13.9728742333655,-4.83407635295837,0.0,44.0272098757114,,-83.2455636066627,0.0,0.0,0.0,0.0,0.0,0.0,0.0,0.0,,0.0,-2.26498041416534,-3.397470621248,-22.3187381585128
complex 40 - minimized,-101.585457611258,-86.2965188724756,15.2767308774633,-9.92324281674422,-15.6193147971187,-3.6031047110252,0.0,76.4313799912961,,-77.8513872826523,17.0658648258425,-4.51511952017218,15.2767308774651,0.0,-0.220196483195485,0.0,0.0,4.50078363711884,,2.02366631462602,-237.033078788623,-73.4526165286333,20.5808408046935,0.0,-2.16292828984292,0.0,0.0,-196.313445170901,,14.3150703960609,-7391.73410551771,-8679.26361123026,4020.74608292711,-152.007884696011,-589.061503417294,-13.0431745836675,-7.91751240798599,-1441.45485041947,,-529.73165169013,-237.033078788623,-73.4526165286333,20.5808408046935,0.0,-2.16292828984292,0.0,0.0,-196.313445170901,,14.3150703960609,-7053.11556911783,-8519.51447582915,3984.88851124495,-142.084641879267,-571.279260330333,-9.44006987264232,-7.91751240798599,-1321.57278523987,,-466.195334803538,-118.651322437101,-81.7813993523032,-1.81898940354586e-12,-9.92324281674422,-15.3991183139233,-3.6031047110252,0.0,71.9305963541772,,-79.8750535972783,0.0,0.0,0.0,0.0,0.0,0.0,0.0,0.0,,0.0,-2.11636370023454,-3.17454555035181,-20.8542939172047
complex 40 - minimized,-111.537518983383,-69.506671770303,6.31089772788027,-10.3165869231971,-13.8482816448518,-4.38856044758684,0.0,55.564171920535,,-75.3524878458574,17.2133506245874,12.1356664461682,6.31089772788165,0.0,1.14047527915101,0.0,0.0,-9.64958431109847,,7.27589548248493,-242.303797254197,-92.817282743877,26.2657083292397,0.0,-3.38225971645332,0.0,0.0,-181.042117514017,,8.67215439091142,-7316.80758485317,-8719.89442299373,4115.02240178615,-152.010746195013,-578.701598016392,-13.6191528971937,-10.971120746267,-1419.99525995039,,-536.637685840325,-242.303797254197,-92.817282743877,26.2657083292397,0.0,-3.38225971645332,0.0,0.0,-181.042117514017,,8.67215439091142,-6962.96626861559,-8557.57046847955,4082.44579572903,-141.694159271815,-561.471056655086,-9.23059244960688,-10.971120746267,-1294.51731435691,,-469.957352385379,-128.750869607971,-81.6423382164721,-1.36424205265939e-12,-10.3165869231971,-14.9887569240028,-4.38856044758684,0.0,65.2137562316334,,-82.6283833283424,0.0,0.0,0.0,0.0,0.0,0.0,0.0,0.0,,0.0,-2.32369831215381,-3.48554746823072,-22.8973345040826
complex 40 - minimized,-106.973975555256,-73.7964752577482,18.436334131356,-10.6135416433306,-14.8514467849518,-4.09910511778177,0.0,58.3786618731292,,-80.4284027559307,16.6428909283661,-8.49578998470336,18.4363341313547,0.0,-0.0982279969337041,0.0,0.0,5.92595455883725,,0.874620219811233,-236.6788798549,-73.5062831625023,20.5852338694166,0.0,-2.16129870817007,0.0,0.0,-195.928305182943,,14.3317733292992,-7401.55307058587,-8711.95730482617,4084.18333120072,-153.562305900369,-589.925645004284,-13.1613733604129,-5.91596086886351,-1482.19181554497,,-529.021996281522,-236.6788798549,-73.5062831625023,20.5852338694166,0.0,-2.16129870817007,0.0,0.0,-195.928305182943,,14.3317733292992,-7057.90021517571,-8564.65454640592,4045.16176319995,-142.948764257038,-572.912899511162,-9.06226824263115,-5.91596086886351,-1344.64217223516,,-462.92536685489,-123.616866483622,-65.300685273045,1.36424205265939e-12,-10.6135416433306,-14.7532187880181,-4.09910511778177,0.0,52.4527073142917,,-81.3030229757419,0.0,0.0,0.0,0.0,0.0,0.0,0.0,0.0,,0.0,-2.22862449073451,-3.34293673610176,-21.9604929699501
complex 40 - minimized,-103.883135468874,-47.3485537240704,17.2431236123152,-10.8462835047756,-15.1047227132095,-4.21511687948154,0.0,31.6676256757482,,-75.2792079354008,16.513875408985,-6.0292062605161,17.2431236123129,0.0,-0.236367613888483,0.0,0.0,4.52041265584398,,1.01591301523251,-236.947529206414,-74.7103611519919,20.6356821070436,0.0,-2.16177925935962,0.0,0.0,-195.030107049374,,14.3190361472678,-7393.55888096316,-8703.82052672675,4031.79816931442,-154.798690215906,-589.320888645077,-15.3685645537247,-13.1796325796122,-1452.74582546878,,-496.12292208773,-236.947529206414,-74.7103611519919,20.6356821070436,0.0,-2.16177925935962,0.0,0.0,-195.030107049374,,14.3190361472678,-7052.72821628787,-8581.76161185068,3993.91936359506,-143.95240671113,-572.054386672508,-11.1534476742432,-13.1796325796122,-1289.38334409516,,-435.162750299597,-120.397010877859,-41.3193474635555,2.27373675443232e-12,-10.8462835047756,-14.868355099321,-4.21511687948154,0.0,27.147213019904,,-76.2951209506334,0.0,0.0,0.0,0.0,0.0,0.0,0.0,0.0,,0.0,-2.16423198893487,-3.2463479834023,-21.3259800275645
complex 40 - minimized,-110.70721599174,-54.2625548122196,9.6807741960547,-11.2924611139276,-14.3624171926939,-4.45216008656684,0.0,41.0252764243044,,-77.0436734066942,10.8146533898457,0.0770481495162159,9.68077419605634,0.0,-0.113631016719909,0.0,0.0,-1.96408653026322,,3.13454859125632,-237.079158755239,-74.7062888079623,20.6462446353908,0.0,-2.16246012974795,0.0,0.0,-195.178244919015,,14.3215904660959,-7330.86517849457,-8672.80576074104,4159.88063286639,-154.908321137956,-579.388180345329,-13.3869578377043,-6.55423580320187,-1466.17677421325,,-597.525581282478,-237.079158755239,-74.7062888079623,20.6462446353908,0.0,-2.16246012974795,0.0,0.0,-195.178244919015,,14.3215904660959,-6983.07880374759,-8543.83691712086,4129.55361403495,-143.615860024029,-562.863303022887,-8.93479775113744,-6.55423580320187,-1312.02380571854,,-534.80349834188,-121.521869381585,-54.3396029617361,-1.81898940354586e-12,-11.2924611139276,-14.248786175974,-4.45216008656684,0.0,42.9893629545677,,-80.1782219979506,0.0,0.0,0.0,0.0,0.0,0.0,0.0,0.0,,0.0,-2.30640033316124,-3.45960049974187,-22.7268831123654
complex 40 - minimized,-94.4712792953533,-52.5292049614691,17.4568200285257,-10.5029194202987,-15.6989419392099,-3.88684918679052,0.0,45.254621229449,,-74.564805045564,17.7793133829454,-8.66376131479954,17.4568200285252,0.0,-0.186596499716543,0.0,0.0,6.11357371753707,,3.05927745139929,-237.118235461894,-74.7110242100801,20.6267566507754,0.0,-2.16274771179535,0.0,0.0,-195.180291424629,,14.3090712338347,-7307.87873085199,-8680.00803009313,4144.27333219436,-154.030150869204,-587.205851887604,-14.8471803643192,-10.5738690161966,-1482.59229706091,,-522.894683754985,-237.118235461894,-74.7110242100801,20.6267566507754,0.0,-2.16274771179535,0.0,0.0,-195.180291424629,,14.3090712338347,-6976.28921609474,-8552.76780092158,4106.18975551505,-143.527231448906,-569.344162236599,-10.9603311775286,-10.5738690161966,-1332.66662686573,,-462.638949943256,-112.250592678299,-43.8654436466695,9.09494701772928e-13,-10.5029194202987,-15.5123454394933,-3.88684918679052,0.0,39.1410475119119,,-77.6240824969632,0.0,0.0,0.0,0.0,0.0,0.0,0.0,0.0,,0.0,-1.96815165198653,-2.95222747797979,-19.39383718385
complex 40 - minimized,-100.709882155774,-51.6898157697979,6.88868913874649,-10.3408109009246,-15.7249910938422,-4.07219233262532,0.0,49.4388357209466,,-75.2095969182717,9.9542033791322,1.20531241279468,6.88868913874361,0.0,-0.132403079738352,0.0,0.0,-0.0703556491672543,,2.06296055649951,-237.759364600601,-74.5896893234203,20.6055830223577,0.0,-2.16297554985605,0.0,0.0,-195.913068308861,,14.3007855591787,-7410.11093943768,-8646.63613754621,4067.52030792363,-147.894008032074,-590.417038946856,-12.1421171158696,-8.32084856339659,-1477.85941928993,,-594.361677866966,-237.759364600601,-74.5896893234203,20.6055830223577,0.0,-2.16297554985605,0.0,0.0,-195.913068308861,,14.3007855591787,-7071.6416926813,-8520.35663245299,4040.02603576252,-137.55319713115,-572.529072303158,-8.06992478324426,-8.32084856339659,-1331.38518670201,,-533.452866507873,-110.664085534906,-52.8951281825921,2.72848410531878e-12,-10.3408109009246,-15.5925880141037,-4.07219233262532,0.0,49.509191370114,,-77.2725574747712,0.0,0.0,0.0,0.0,0.0,0.0,0.0,0.0,,0.0,-2.09812254491195,-3.14718381736793,-20.6745486236881
complex 40 - minimized,-101.334196592803,-42.7763947082422,5.43769726730079,-8.49784937457989,-15.4503679056884,-5.19120852549309,0.0,39.4116322535374,,-74.2677055996393,7.79751589265845,9.62347643986415,5.43769726730225,0.0,-0.112157818715148,0.0,0.0,-9.67955152506181,,2.52805152926927,-237.541334649347,-74.6199788891153,20.6034195136646,0.0,-2.16012424129032,0.0,0.0,-195.679031947826,,14.31438091522,-7294.81947421109,-8659.94678653818,4131.98871447227,-147.32142439507,-582.894347573498,-17.1917076395685,-6.15647273970158,-1475.17605605822,,-538.121393739126,-237.541334649347,-74.6199788891153,20.6034195136646,0.0,-2.16012424129032,0.0,0.0,-195.679031947826,,14.31438091522,-6955.94394296894,-8542.55041294082,4105.9475976913,-138.823575020491,-565.283855426519,-12.0004991140754,-6.15647273970158,-1318.90865636393,,-478.168069054707,-109.131712485461,-52.3998711481072,-1.81898940354586e-12,-8.49784937457989,-15.3382100869733,-5.19120852549309,0.0,49.0911837785993,,-76.7957571289086,0.0,0.0,0.0,0.0,0.0,0.0,0.0,0.0,,0.0,-2.1111290956834,-3.16669364352509,-20.8027129995024
complex 40 - minimized,-99.5757216214715,-40.8193184590054,13.5342612449513,-9.85167143952359,-13.2903076693793,-3.97829718528921,0.0,30.4511119184488,,-75.6215000316773,14.5810569387857,-3.76716086446045,13.5342612449496,0.0,-0.102535865260787,0.0,0.0,3.5261737918745,,1.39031863168248,-237.358907942774,-74.6504620823508,20.6436645479084,0.0,-2.16106458232102,0.0,0.0,-195.510551020138,,14.3195051941275,-7314.82158772174,-8692.65365783378,4177.11953481777,-150.562829196932,-592.276143888275,-13.6561493139128,-8.06124422255195,-1483.68772118009,,-551.043376903981,-237.358907942774,-74.6504620823508,20.6436645479084,0.0,-2.16106458232102,0.0,0.0,-195.510551020138,,14.3195051941275,-6977.8869581575,-8577.18387729242,4142.94160902491,-140.711157757408,-576.824771636575,-9.67785212862361,-8.06124422255195,-1318.6282820784,,-489.741382066432,-114.156778560256,-37.052157594544,9.09494701772928e-13,-9.85167143952359,-13.1877718041186,-3.97829718528921,0.0,26.9249381265743,,-77.0118186633597,0.0,0.0,0.0,0.0,0.0,0.0,0.0,0.0,,0.0,-2.07449420044732,-3.11174130067099,-20.4417188694319
complex 40 - minimized,-102.455455041059,-48.1722941138378,12.9284223396089,-11.0823833995466,-15.1163221183,-5.03951037084448,0.0,39.6310909891686,,-75.6044583673043,12.7769096776437,-6.19027204831174,12.9284223396091,0.0,-0.079203541238797,0.0,0.0,4.11730901709677,,2.00065391048858,-237.691372194178,-74.6820564923211,20.6337014929038,0.0,-2.16225856941531,0.0,0.0,-195.794312758627,,14.3135541332821,-7366.55617797761,-8716.19635681532,4160.17300975688,-153.126908837554,-597.442456460033,-14.8748801878636,-8.07477612448748,-1441.22587580719,,-595.787933502038,-237.691372194178,-74.6820564923211,20.6337014929038,0.0,-2.16225856941531,0.0,0.0,-195.794312758627,,14.3135541332821,-7026.40935074237,-8593.34200620916,4126.61088592436,-142.044525438007,-580.163875772318,-9.8353698170191,-8.07477612448748,-1285.06265403773,,-534.497029268016,-115.232364718703,-41.9820220655274,0.0,-11.0823833995466,-15.0371185770612,-5.03951037084448,0.0,35.5137819720719,,-77.605112277793,0.0,0.0,0.0,0.0,0.0,0.0,0.0,0.0,,0.0,-2.13448864668874,-3.20173297003311,-21.0328941079694
complex 40 - minimized,-110.582584459372,-56.1379997206859,20.6634034398485,-10.2749245498366,-15.9332538721263,-4.70414612044547,0.0,34.3581938205416,,-78.553857456671,19.3907542303938,-9.11129549659148,20.6634034398481,0.0,-0.093905276073746,0.0,0.0,6.63235073951364,,1.30020082369743,-237.613590459768,-74.393576162958,20.4952709685977,0.0,-2.17336625793109,0.0,0.0,-195.831489757972,,14.2895707504956,-7407.82632663647,-8672.34881000979,4117.43494955514,-150.946678061172,-593.125872477964,-15.4069985166212,-10.2479931693629,-1484.02160936886,,-599.163314587846,-237.613590459768,-74.393576162958,20.4952709685977,0.0,-2.17336625793109,0.0,0.0,-195.831489757972,,14.2895707504956,-7059.63015171733,-8541.81723412614,4076.27627514669,-140.671753511335,-575.019252347907,-10.7028523961758,-10.2479931693629,-1322.54831343143,,-534.89902788167,-129.973338689766,-47.0267042240939,4.54747350886464e-13,-10.2749245498366,-15.8393485960526,-4.70414612044547,0.0,27.725843081028,,-79.8540582803685,0.0,0.0,0.0,0.0,0.0,0.0,0.0,0.0,,0.0,-2.30380384290358,-3.45570576435537,-22.7012977316577
complex 40 - minimized,-97.4078339375956,-41.7481062063707,18.0874937399612,-10.2792150610199,-13.9018418470407,-3.80627416954304,0.0,31.0065768159261,,-76.7664672095149,17.4922749119868,-7.4925966906853,18.0874937399621,0.0,-0.0466234868434507,0.0,0.0,4.9673622053707,,1.97663914418277,-237.169420400976,-74.611612675981,20.6181240375717,0.0,-2.16184732346604,0.0,0.0,-195.30810962009,,14.2940251809891,-7355.80737086585,-8714.87128296673,4102.09480501305,-150.390650353347,-582.084422942044,-12.2548188072276,-7.24180020546383,-1455.27092853673,,-535.788272067359,-237.169420400976,-74.611612675981,20.6181240375717,0.0,-2.16184732346604,0.0,0.0,-195.30810962009,,14.2940251809891,-7021.23011652728,-8598.51156408438,4063.38918723552,-140.111435292327,-566.020733771537,-8.44854463768456,-7.24180020546383,-1290.96939573257,,-473.315830038833,-114.900108849582,-34.2555095156858,-9.09494701772928e-13,-10.2792150610199,-13.8552183601973,-3.80627416954304,0.0,26.0392146105555,,-78.7431063536977,0.0,0.0,0.0,0.0,0.0,0.0,0.0,0.0,,0.0,-2.02932987369991,-3.04399481054986,-19.996677147889
complex 40 - minimized,-109.393001829706,-27.8824807627661,0.474711657401258,-12.0434171046469,-13.6732011451567,-4.68032916332977,0.0,16.8597734544778,,-68.4480587656892,14.028969079068,21.2693717508407,0.474711657400828,0.0,1.03142613678671,0.0,0.0,-16.2938359693317,,7.5472955033717,-242.503274778946,-92.7328396845807,26.2327941347552,0.0,-3.38166678683007,0.0,0.0,-181.263075923374,,8.64151348108387,-7432.23386885281,-8730.52894353056,4045.69208236413,-150.494532951469,-585.781829447908,-13.4550626451141,-7.87474866573294,-1454.96774024116,,-534.823093735003,-242.503274778946,-92.7328396845807,26.2327941347552,0.0,-3.38166678683007,0.0,0.0,-181.263075923374,,8.64151348108387,-7080.33759224416,-8609.91362308322,4018.98457657197,-138.451115846822,-568.726961515921,-8.77473348178433,-7.87474866573294,-1290.56443777226,,-475.016548450398,-123.421970908774,-49.1518525136071,4.54747350886464e-13,-12.0434171046469,-14.7046272819434,-4.68032916332977,0.0,33.1536094238095,,-75.995354269061,0.0,0.0,0.0,0.0,0.0,0.0,0.0,0.0,,0.0,-2.27902087145221,-3.41853130717831,-22.4570904761981
complex 40 - minimized,-89.8596324727268,-57.5725690087074,18.7834974291318,-9.63845390395096,-14.8251513289479,-4.25347286894569,0.0,43.6702488737183,,-66.0237316650235,18.2227947239788,-5.48245885557736,18.7834974291306,0.0,-0.177137411365492,0.0,0.0,2.57343493630378,,2.52545862548738,-237.249467748914,-73.4309497236828,20.5719776096796,0.0,-2.16188577648908,0.0,0.0,-196.551589689053,,14.3229798306316,-7319.55585526922,-8669.19324808692,4127.24770195614,-142.841666565648,-579.753573715208,-9.3203302832326,-8.18466166922531,-1471.21640499645,,-566.293671908668,-237.249467748914,-73.4309497236828,20.5719776096796,0.0,-2.16188577648908,0.0,0.0,-196.551589689053,,14.3229798306316,-6992.44675504758,-8538.18972935453,4087.89222691733,-133.203212661697,-562.766536609771,-5.06685741428691,-8.18466166922531,-1318.33506418112,,-514.592920074276,-108.082427196706,-52.0901101531308,9.09494701772928e-13,-9.63845390395096,-14.6480139175824,-4.25347286894569,0.0,41.0968139374145,,-68.549190290511,0.0,0.0,0.0,0.0,0.0,0.0,0.0,0.0,,0.0,-1.87207567651514,-2.80811351477271,-18.4471205913095
complex 40 - minimized,-100.822208900317,-53.2154042880175,20.3157559461633,-10.3038521748615,-14.7248626703403,-5.19835903020539,0.0,43.3533523798878,,-81.0488390629446,20.1373100938632,-7.9005731094433,20.3157559461628,0.0,-0.197306574580539,0.0,0.0,6.8065375793102,,1.112896252414,-237.353366109662,-74.655668364411,20.62998691694,0.0,-2.16141168985246,0.0,0.0,-195.479233259678,,14.3129602873395,-7429.74563651828,-8736.54075518062,4125.16986580452,-156.102741430407,-586.613315909428,-14.2153536288374,-8.40189555722403,-1446.13828352066,,-606.903157095622,-237.353366109662,-74.655668364411,20.62998691694,0.0,-2.16141168985246,0.0,0.0,-195.479233259678,,14.3129602873395,-7091.5700615083,-8608.66968252819,4084.22412294141,-145.798889255546,-569.727041549236,-9.01699459863202,-8.40189555722403,-1294.01240264086,,-540.167278320017,-120.959518994179,-45.3148311785735,4.54747350886464e-13,-10.3038521748615,-14.5275560957597,-5.19835903020539,0.0,36.5468148005775,,-82.1617353153586,0.0,0.0,0.0,0.0,0.0,0.0,0.0,0.0,,0.0,-2.10046268542326,-3.15069402813489,-20.6976079768725
complex 40 - minimized,-95.9684118117129,-26.1776002065926,16.3776072462579,-10.243486833269,-14.528095511763,-4.73859630595195,0.0,15.6051359225903,,-72.2633761229885,24.8277941888904,8.92435968988316,16.3776072462577,0.0,1.09953759623249,0.0,0.0,-8.85385927415211,,7.28014893066906,-242.17340858496,-92.4079841897475,25.9290026736645,0.0,-3.38523015500008,0.0,0.0,-180.92751022372,,8.61831330984293,-7180.69968866193,-8654.01325995942,4178.21858445814,-144.703679202094,-580.022796022953,-14.8201641138584,-11.0507215443283,-1462.41812217664,,-491.889530100771,-242.17340858496,-92.4079841897475,25.9290026736645,0.0,-3.38523015500008,0.0,0.0,-180.92751022372,,8.61831330984293,-6842.55786826526,-8535.42767556308,4135.91197453821,-134.460192368825,-562.109470356189,-10.0815678079064,-11.0507215443283,-1297.09574787551,,-428.244467287626,-120.796206000603,-35.1019598964758,0.0,-10.243486833269,-15.6276331079955,-4.73859630595195,0.0,24.4589951967423,,-79.5435250536576,0.0,0.0,0.0,0.0,0.0,0.0,0.0,0.0,,0.0,-1.99934191274402,-2.99901286911603,-19.7011807964431
complex 40 - minimized,-95.1843079365117,-46.6900190104952,16.3609629987741,-8.21007339712457,-14.5173589367519,-3.89187070542734,0.0,31.3053635469741,,-69.5413124324632,15.9731117449232,2.97021629156686,16.3609629987742,0.0,-0.167531425282017,0.0,0.0,-4.66982988793472,,1.47929376779914,-237.21614029134,-74.6337675756652,20.6118179141903,0.0,-2.16206633933949,0.0,0.0,-195.341841605567,,14.3097173150415,-7335.17396764686,-8665.38524794286,4157.60307125315,-144.194670813205,-585.341591394548,-13.3467380390726,-6.8682604965693,-1483.51360589003,,-594.126924323731,-237.21614029134,-74.6337675756652,20.6118179141903,0.0,-2.16206633933949,0.0,0.0,-195.341841605567,,14.3097173150415,-7002.77351941901,-8544.0614613567,4120.63029034019,-135.98459741608,-568.662166118457,-9.45486733364523,-6.8682604965693,-1319.47712783144,,-538.89532920631,-111.157419681434,-49.6602353020626,0.0,-8.21007339712457,-14.3498275114698,-3.89187070542734,0.0,35.9751934349088,,-71.0206062002624,0.0,0.0,0.0,0.0,0.0,0.0,0.0,0.0,,0.0,-1.98300641534399,-2.97450962301599,-19.5402135373533
complex 40 - minimized,-97.3473600085063,-49.4911417468793,14.2285175480629,-10.5939984934254,-14.726089185108,-4.41657863185752,0.0,41.8893143380665,,-74.2373838373659,14.5768181788295,-3.40809468372771,14.2285175480639,0.0,-0.140601998522691,0.0,0.0,3.99339223309141,,-0.0963949200751308,-237.317850642233,-73.4369965640882,20.5802546773539,0.0,-2.16216445232173,0.0,0.0,-196.613309682267,,14.3143653790902,-7400.82056049194,-8642.56606274233,4067.54099655767,-147.073692809086,-582.813995857063,-15.3412382332929,-9.31934533237898,-1489.87972982024,,-581.367492255219,-237.317850642233,-73.4369965640882,20.5802546773539,0.0,-2.16216445232173,0.0,0.0,-196.613309682267,,14.3143653790902,-7066.1553498412,-8519.63792443136,4032.73222433226,-136.47969431566,-565.925742219634,-10.9246596014354,-9.31934533237898,-1335.15573447604,,-521.444473796943,-111.924178187336,-46.0830470631518,-9.09494701772928e-13,-10.5939984934254,-14.5854871865853,-4.41657863185752,0.0,37.8959221049752,,-74.1409889172908,0.0,0.0,0.0,0.0,0.0,0.0,0.0,0.0,,0.0,-2.02807000017721,-3.04210500026582,-19.9842625649239
complex 40 - minimized,-103.146272449402,-44.7206395044468,18.5516928662391,-10.9737893272229,-15.5741024297295,-5.34112099967325,0.0,34.1895264831892,,-79.2778395377538,18.8043476102737,-7.24612604046068,18.5516928662375,0.0,-0.152014842460061,0.0,0.0,5.86260787344884,,1.78818775350816,-237.381021967026,-74.5784377513969,20.5846461855911,0.0,-2.16794878901007,0.0,0.0,-195.532504798543,,14.3132231863327,-7291.4194120938,-8626.39799077553,4152.44789451602,-148.11621947144,-573.048615555864,-15.7077026998103,-6.34144726891318,-1484.88893059571,,-589.366400242551,-237.381021967026,-74.5784377513969,20.5846461855911,0.0,-2.16794878901007,0.0,0.0,-195.532504798543,,14.3132231863327,-6950.89211767737,-8507.09891351969,4113.31155546419,-137.142430144217,-555.306564337124,-10.366581700137,-6.34144726891318,-1323.54595228035,,-524.40178389113,-121.950620059676,-37.474513463987,9.09494701772928e-13,-10.9737893272229,-15.4220875872694,-5.34112099967325,0.0,28.3269186097405,,-81.066027291262,0.0,0.0,0.0,0.0,0.0,0.0,0.0,0.0,,0.0,-2.14888067602921,-3.22332101404382,-21.1747107578666
complex 40 - minimized,-95.1470393366444,-55.4318807183681,11.2294033675335,-9.85502638525634,-14.0182471632882,-4.62288733037186,0.0,42.369707449745,,-64.8181085566367,12.8164310972388,-1.75680951876708,11.2294033675341,0.0,-0.00728506959120256,0.0,0.0,0.960742637844987,,2.39037968021798,-237.544009527291,-74.6379529526712,20.6238769914344,0.0,-2.1608791208777,0.0,0.0,-195.681579711558,,14.3125252663812,-7341.0767730791,-8736.2991942017,4094.69630828145,-154.047648023424,-587.677159621627,-11.8794453880315,-15.5656390800243,-1420.58482087982,,-509.719174165928,-237.544009527291,-74.6379529526712,20.6238769914344,0.0,-2.1608791208777,0.0,0.0,-195.681579711558,,14.3125252663812,-7008.38572421516,-8606.22936053066,4062.84302792248,-144.192621638168,-571.498033337462,-7.25655805765969,-15.5656390800243,-1267.27294861801,,-459.213590875673,-107.963470433883,-53.675071199601,-4.54747350886464e-13,-9.85502638525634,-14.0109620936969,-4.62288733037186,0.0,41.4089648119002,,-67.2084882368547,0.0,0.0,0.0,0.0,0.0,0.0,0.0,0.0,,0.0,-1.98222998618009,-2.97334497927014,-19.5325627342385
complex 40 - minimized,-98.5434558918359,-54.6334212109105,16.8170627725608,-10.9291414647779,-13.8868534928321,-3.49187987687217,0.0,38.8953256589916,,-71.3145482779959,17.1380661165729,-6.97917740899797,16.8170627725604,0.0,-0.224064654797745,0.0,0.0,5.1765612349451,,2.34768417286327,-237.115288822499,-74.6610929909474,20.6250865484989,0.0,-2.16152756288977,0.0,0.0,-195.230536738065,,14.3127819209038,-7471.79729038273,-8732.6688795704,4043.05246913115,-152.742680133388,-596.060219613186,-13.3030766054882,-14.9047616299588,-1430.30373044263,,-574.866411518815,-237.115288822499,-74.6610929909474,20.6250865484989,0.0,-2.16152756288977,0.0,0.0,-195.230536738065,,14.3127819209038,-7136.13854566839,-8603.37436536855,4005.61031981009,-141.81353866861,-580.011838557464,-9.81119672861599,-14.9047616299588,-1273.96851936356,,-517.864645161723,-115.681522008409,-47.6542438019133,4.54747350886464e-13,-10.9291414647779,-13.6627888380343,-3.49187987687217,0.0,33.7187644240466,,-73.6622324508592,0.0,0.0,0.0,0.0,0.0,0.0,0.0,0.0,,0.0,-2.05298866441325,-3.07948299661987,-20.2298069143875
complex 40 - minimized,-95.3079954235136,-57.0155581026756,11.4458216617695,-9.99565040097048,-13.2898328733932,-4.20827480794755,0.0,47.9746357134009,,-70.219136613699,12.3834836660915,-5.19487259657446,11.4458216617688,0.0,-0.178656310358925,0.0,0.0,3.97876482064169,,2.33242609061461,-237.202243568424,-73.2378571101449,20.4824775450498,0.0,-2.16976457104736,0.0,0.0,-196.573506900835,,14.2964074685535,-7311.45812993959,-8679.31215041546,4148.56133456098,-150.349744324916,-575.720342033464,-14.432935767126,-9.02421347861004,-1436.17410697353,,-595.005971507481,-237.202243568424,-73.2378571101449,20.4824775450498,0.0,-2.16976457104736,0.0,0.0,-196.573506900835,,14.2964074685535,-6978.94789094765,-8549.05873520264,4116.63303535416,-140.354093923946,-560.260744589024,-10.2246609591785,-9.02421347861004,-1287.57523578609,,-539.083242362335,-107.691479089605,-51.8206855061017,9.09494701772928e-13,-9.99565040097048,-13.1111765630343,-4.20827480794755,0.0,43.9958708927593,,-72.5515627043136,0.0,0.0,0.0,0.0,0.0,0.0,0.0,0.0,,0.0,-1.98558323798987,-2.9783748569848,-19.5656051167041
complex 40 - minimized,-101.42556445731,-70.8180532216029,20.1506199990145,-9.56300625751754,-14.2450295070651,-3.9755469239917,0.0,52.0887838995022,,-75.0633324456497,19.7507555907259,-7.15970313813169,20.1506199990186,0.0,-0.143895804279809,0.0,0.0,4.9925045093197,,1.9112300247989,-236.994439871164,-73.4932773772067,20.6112196151533,0.0,-2.16184138887311,0.0,0.0,-196.270401863736,,14.3198611434981,-7322.80905568629,-8705.17155362701,4133.03505874886,-150.672800362514,-589.647058185986,-11.7871696614808,-6.78099665970691,-1453.14302689342,,-538.64150904504,-236.994439871164,-73.4932773772067,20.6112196151533,0.0,-2.16184138887311,0.0,0.0,-196.270401863736,,14.3198611434981,-6984.38905135781,-8560.8602230282,4092.2732191347,-141.109794104996,-573.240187290048,-7.8116227374891,-6.78099665970691,-1308.96140892918,,-477.898037742888,-121.176320048035,-63.6583500834713,-4.09272615797818e-12,-9.56300625751754,-14.1011337027852,-3.9755469239917,0.0,47.0962793901824,,-76.9745624704486,0.0,0.0,0.0,0.0,0.0,0.0,0.0,0.0,,0.0,-2.11303259286061,-3.16954888929092,-20.8214697423061
complex 40 - minimized,-108.014826969726,-56.6216172583154,17.3724648812586,-9.5852825287914,-16.0131169242818,-4.73241533469592,0.0,39.8132240279861,,-78.24808383289,16.0053395731592,-7.25808544618179,17.3724648812585,0.0,-0.140692424829716,0.0,0.0,4.74986543205148,,1.28178713086083,-237.028052203542,-73.4470397708779,20.5976841568751,0.0,-2.16142537677463,0.0,0.0,-196.341569881125,,14.3242986683606,-7265.86279123563,-8639.14295213379,4176.67797740085,-150.565992760606,-586.297190970603,-9.46272281273135,-8.80601106820285,-1459.39454226776,,-588.871356622794,-237.028052203542,-73.4470397708779,20.5976841568751,0.0,-2.16142537677463,0.0,0.0,-196.341569881125,,14.3242986683606,-6920.81991206236,-8509.0742951046,4138.70782836271,-140.980710231814,-568.122648669547,-4.73030747803543,-8.80601106820285,-1302.86619641462,,-524.947571458264,-124.020166542885,-49.3635318121324,0.0,-9.5852825287914,-15.8724244994521,-4.73241533469592,0.0,35.0633585959345,,-79.5298709637508,0.0,0.0,0.0,0.0,0.0,0.0,0.0,0.0,,0.0,-2.25030889520262,-3.37546334280393,-22.1741674646257
complex 40 - minimized,-103.189916076622,-69.9272889973909,9.14040882715653,-10.8431291785297,-14.4026966474302,-3.93030295673319,0.0,59.7493754648835,,-72.9762825885855,11.6535607552091,-1.66485701608683,9.14040882715596,0.0,-0.0529430743829358,0.0,0.0,0.0904832468742143,,4.14046877164878,-237.019584267996,-74.6825854563688,20.6326401146761,0.0,-2.1627875022312,0.0,0.0,-195.120139302094,,14.3132878780218,-7331.67930861497,-8587.41934915757,4133.47066190622,-146.958990345385,-583.545832571608,-12.5385049533621,-8.49410416391756,-1494.0754703109,,-632.11771901845,-237.019584267996,-74.6825854563688,20.6326401146761,0.0,-2.1627875022312,0.0,0.0,-195.120139302094,,14.3132878780218,-6991.46980827035,-8442.80947470381,4103.69761296439,-136.115861166855,-566.980348421947,-8.60820199662889,-8.49410416391756,-1358.70470647369,,-573.454724307886,-114.84347683183,-68.262431981304,9.09494701772928e-13,-10.8431291785297,-14.3497535730473,-3.93030295673319,0.0,59.6588922180094,,-77.1167513602343,0.0,0.0,0.0,0.0,0.0,0.0,0.0,0.0,,0.0,-2.14978991826295,-3.22468487739442,-21.1836702787572
complex 40 - minimized,-102.508639220042,-61.1593743368558,17.9489279507939,-9.46722007434892,-15.5560965776,-3.9897077846734,0.0,47.6483801603961,,-77.9335485577562,16.7375877225084,-5.45234947744524,17.9489279507935,0.0,-0.160046298720068,0.0,0.0,4.04849571870432,,0.352559829175817,-237.422270020511,-74.6829000751487,20.6202406654604,0.0,-2.16224935913396,0.0,0.0,-195.512265953258,,14.3149047015696,-7357.18860584524,-8655.63080141099,4118.24181899966,-145.643848655409,-584.222504753848,-13.7984531026763,-7.59827265713238,-1453.05284904516,,-615.483695219677,-237.422270020511,-74.6829000751487,20.6202406654604,0.0,-2.16224935913396,0.0,0.0,-195.512265953258,,14.3149047015696,-7017.25769660468,-8519.78852699899,4079.6726503834,-136.17662858106,-566.504158817114,-9.8087453180029,-7.59827265713238,-1305.1889632523,,-551.86505136349,-119.24622694255,-55.7070248594118,0.0,-9.46722007434892,-15.3960502788799,-3.9897077846734,0.0,43.5998844416918,,-78.286108386932,0.0,0.0,0.0,0.0,0.0,0.0,0.0,0.0,,0.0,-2.13559665041754,-3.20339497562631,-21.0438121913874
complex 40 - minimized,-104.252305471728,-53.7591116573221,15.2742772706479,-9.40834870639446,-15.4452727946345,-4.6958256461632,0.0,43.8484518824378,,-80.0664758203006,14.5766077708698,-3.37446030459319,15.2742772706499,0.0,-0.234910953572316,0.0,0.0,2.65688190365734,,0.254819854728328,-237.223689885653,-73.5027910282485,20.6079829627468,0.0,-2.16095784541152,0.0,0.0,-196.498180112548,,14.3302561378069,-7275.88037884757,-8708.7703528327,4171.78965933885,-151.717381625536,-582.939058297538,-15.4794574540907,-6.90342460928957,-1410.23124437192,,-571.629118995357,-237.223689885653,-73.5027910282485,20.6079829627468,0.0,-2.16095784541152,0.0,0.0,-196.498180112548,,14.3302561378069,-6934.40438349019,-8581.50845014713,4135.90739910546,-142.309032919142,-565.332827657492,-10.7836318079275,-6.90342460928957,-1257.58151614181,,-505.892899312863,-118.828913242598,-50.3846513527278,-1.81898940354586e-12,-9.40834870639446,-15.2103618410622,-4.6958256461632,0.0,41.1915699787805,,-80.3212956750289,0.0,0.0,0.0,0.0,0.0,0.0,0.0,0.0,,0.0,-2.17192303066099,-3.25788454599149,-21.4017662663231
complex 40 - minimized,-101.993006414627,-65.5513011957992,20.6577292742027,-10.9003041661544,-15.8608672967761,-5.69821543301943,0.0,51.7461391728543,,-76.3861867699383,20.4929951529044,-7.89751790893467,20.6577292742025,0.0,-0.220102216367038,0.0,0.0,6.44030410832056,,1.51258189568295,-237.267579900123,-74.6908726574771,20.6200680792933,0.0,-2.16237842790174,0.0,0.0,-195.351243723921,,14.3168468298836,-7273.84634732802,-8626.49905809317,4103.8562979168,-150.924029967242,-588.3306372195,-13.6777967701947,-8.89144388487537,-1443.77351549977,,-545.606163810082,-237.267579900123,-74.6908726574771,20.6200680792933,0.0,-2.16237842790174,0.0,0.0,-195.351243723921,,14.3168468298836,-6934.58576101327,-8486.25688423989,4062.57850056331,-140.023725801087,-570.307391494822,-7.97958133717527,-8.89144388487537,-1300.1684109487,,-483.536823870028,-122.486001567532,-57.6537832868635,0.0,-10.9003041661544,-15.6407650804091,-5.69821543301943,0.0,45.3058350645338,,-77.8987686656212,0.0,0.0,0.0,0.0,0.0,0.0,0.0,0.0,,0.0,-2.12485430030474,-3.18728145045711,-20.937958870151
complex 40 - minimized,-97.859003180678,-71.1638328814952,16.431184894559,-10.5611403908424,-13.2174197882797,-4.21630547672101,0.0,50.7969794950648,,-65.9284690329674,16.8089494110532,-8.49132331296751,16.4311848945611,0.0,-0.199006592942803,0.0,0.0,5.35295209996423,,3.71514232243816,-237.066538494683,-74.7510938070445,20.646258447008,0.0,-2.16266160036127,0.0,0.0,-195.1195844483,,14.3205429140147,-7307.56399631764,-8720.15127982733,4123.28577392114,-152.101540572331,-593.256989566951,-13.2110522015081,-6.16372841286112,-1423.61730824244,,-522.347871415363,-237.066538494683,-74.7510938070445,20.646258447008,0.0,-2.16266160036127,0.0,0.0,-195.1195844483,,14.3205429140147,-6972.63845464228,-8574.23635313879,4086.20833057957,-141.540400181489,-577.87690817831,-8.99474672478713,-6.16372841286112,-1279.29470328921,,-470.73994529641,-114.667952591731,-62.6725095685269,-1.81898940354586e-12,-10.5611403908424,-13.0184131953368,-4.21630547672101,0.0,45.4440273951004,,-69.6436113554056,0.0,0.0,0.0,0.0,0.0,0.0,0.0,0.0,,0.0,-2.03872923293079,-3.05809384939619,-20.0892968616048
complex 40 - minimized,-99.27437567166,-58.9806411935624,14.7811058841771,-10.3202209636058,-12.7812827733997,-3.87559852569748,0.0,41.2350080363917,,-69.3327461359609,14.8998568350487,-4.75282894678497,14.7811058841748,0.0,-0.129243963788004,0.0,0.0,3.7164548145696,,1.28436904687727,-237.168666412463,-74.690022297041,20.6264726422924,0.0,-2.16234314321134,0.0,0.0,-195.256063666263,,14.3132900517602,-7299.1463181263,-8707.20226247135,4165.18486181595,-154.320299802736,-582.955314823718,-14.2503910440006,-9.66525821469209,-1439.04914225387,,-556.888511331886,-237.168666412463,-74.690022297041,20.6264726422924,0.0,-2.16234314321134,0.0,0.0,-195.256063666263,,14.3132900517602,-6962.70327604218,-8573.53159898074,4129.77728328948,-144.00007883913,-568.011688907107,-10.3747925183031,-9.66525821469209,-1285.028086624,,-501.869055247685,-114.174232506708,-54.2278122467778,1.81898940354586e-12,-10.3202209636058,-12.6520388096117,-3.87559852569748,0.0,37.518553221822,,-70.6171151828381,0.0,0.0,0.0,0.0,0.0,0.0,0.0,0.0,,0.0,-2.06821615982625,-3.10232423973937,-20.3798561072226
complex 40 - minimized,-101.891006809413,-45.5635900614488,9.21221279775909,-10.1864943260514,-13.3923974574086,-4.58918145701973,0.0,35.5076012215518,,-72.8791575267928,19.227650356973,9.48064457898163,9.21221279776345,0.0,0.93236913378132,0.0,0.0,-6.46943065692176,,6.07185450336849,-239.535901099177,-89.4310893467148,28.2413366867376,0.0,-3.27909880770048,0.0,0.0,-184.780474777004,,9.71342514550477,-7172.92753007808,-8722.90135009384,4224.79099429985,-152.587538166315,-588.089306489639,-18.1463662782401,-13.7629406377482,-1396.5010980522,,-505.729924659944,-239.535901099177,-89.4310893467148,28.2413366867376,0.0,-3.27909880770048,0.0,0.0,-184.780474777004,,9.71342514550477,-6831.50062216949,-8587.90667068568,4187.33744481535,-142.401043840263,-571.41781022453,-13.5571848212204,-13.7629406377482,-1247.22822449674,,-442.564192278656,-121.118657166387,-55.0442346404307,-4.54747350886464e-12,-10.1864943260514,-14.3247665911899,-4.58918145701973,0.0,41.9770318784736,,-78.9510120301613,0.0,0.0,0.0,0.0,0.0,0.0,0.0,0.0,,0.0,-2.12272930852943,-3.18409396279415,-20.9170195566252
complex 40 - minimized,-92.5155279880828,-85.8566838641673,16.6171294707901,-11.2657217183306,-11.9496409370563,-3.94019194187501,0.0,72.8944934296605,,-69.0149124271046,17.0391267141796,-5.0827529114983,16.6171294707898,0.0,-0.239029131928384,0.0,0.0,4.65553694838184,,1.08824233843476,-237.622468759653,-74.6398267317126,20.6229810382581,0.0,-2.16235453638539,0.0,0.0,-195.752914906087,,14.3096463762744,-7224.36803176039,-8712.90662438581,4213.60297866591,-154.535330788571,-587.350714092963,-15.7892058036149,-9.33106660353821,-1418.11040608611,,-539.947662665702,-237.622468759653,-74.6398267317126,20.6229810382581,0.0,-2.16235453638539,0.0,0.0,-195.752914906087,,14.3096463762744,-6894.23003501265,-8552.41011378993,4176.36286815686,-143.269609070241,-573.238718619521,-11.8490138617399,-9.33106660353821,-1295.25198460968,,-485.242396614872,-109.554654702262,-80.7739309526696,9.09494701772928e-13,-11.2657217183306,-11.7106118051279,-3.94019194187501,0.0,68.2389564812786,,-70.1031547655393,0.0,0.0,0.0,0.0,0.0,0.0,0.0,0.0,,0.0,-1.92740683308506,-2.89111024962759,-18.9923445534102
complex 40 - minimized,-88.8935739826684,-61.9221171373338,20.2630361989591,-11.1996944991776,-12.4935429629955,-4.0753458369447,0.0,57.7262263641142,,-77.1921361092875,18.8262207262109,-11.0350852435194,20.2630361989595,0.0,0.035499555619634,0.0,0.0,8.40152721828508,,1.16124299686623,-237.32988126239,-74.6578686175073,20.6188601793307,0.0,-2.16195659852391,0.0,0.0,-195.437389072117,,14.3084728464278,-7329.05270389674,-8721.83786961356,4058.40902788056,-152.186253841431,-569.595988494837,-11.6762293465668,-6.76198202063005,-1392.41602832757,,-532.987380132697,-237.32988126239,-74.6578686175073,20.6188601793307,0.0,-2.16195659852391,0.0,0.0,-195.437389072117,,14.3084728464278,-7002.82924865168,-8585.25788385872,4017.52713150227,-140.986559342253,-554.940488933317,-7.60088350962213,-6.76198202063005,-1254.70486561957,,-470.103716869837,-107.719794708879,-50.8870318938134,-4.54747350886464e-13,-11.1996944991776,-12.5290425186153,-4.0753458369447,0.0,49.3246991458291,,-78.3533791061537,0.0,0.0,0.0,0.0,0.0,0.0,0.0,0.0,,0.0,-1.85194945797226,-2.77792418695839,-18.2488002001175
complex 40 - minimized,-106.137280462581,-52.3292721259877,18.0176233482262,-10.7472155809453,-15.0779940432114,-4.34722470781328,0.0,35.8000912910488,,-77.4532886438955,19.0272149818172,-6.7923153892373,18.017623348228,0.0,-0.0900779419459958,0.0,0.0,5.70159971231533,,2.19038525245714,-237.228166228801,-74.6740712018772,20.6279263831169,0.0,-2.16053283792108,0.0,0.0,-195.350849097793,,14.3293605256736,-7144.02307236468,-8669.31854110243,4200.33752517075,-149.32722721356,-578.852748067544,-11.1379260226179,-7.56344607413667,-1459.49095182471,,-468.669757230429,-237.228166228801,-74.6740712018772,20.6279263831169,0.0,-2.16053283792108,0.0,0.0,-195.350849097793,,14.3293605256736,-6800.6576256733,-8542.31519777457,4161.69197543941,-138.580011632615,-561.614221186412,-6.7907013148046,-7.56344607413667,-1299.94019401797,,-405.545829112207,-125.164495444398,-45.5369567367488,-1.81898940354586e-12,-10.7472155809453,-14.9879161012655,-4.34722470781328,0.0,30.0984915787335,,-79.6436738963526,0.0,0.0,0.0,0.0,0.0,0.0,0.0,0.0,,0.0,-2.21119334297043,-3.31679001445565,-21.7887293554324
complex 40 - minimized,-96.3722757126034,-84.1174310723345,19.6530737326952,-10.9768127566293,-13.6142259375255,-4.35833986693842,0.0,71.7005438853053,,-74.6590836971784,19.9917752838432,-8.0814983656001,19.653073732696,0.0,-0.170205112490816,0.0,0.0,7.04295827668182,,1.54744675255613,-237.259830818362,-74.7093147907367,20.6610966462732,0.0,-2.16032668294074,0.0,0.0,-195.374295941096,,14.3230099501391,-7350.14345488026,-8698.52167941501,4114.23919081945,-148.248959444264,-585.640980752277,-12.1171381900403,-9.68245699575578,-1424.6014500391,,-585.569980863261,-237.259830818362,-74.7093147907367,20.6610966462732,0.0,-2.16032668294074,0.0,0.0,-195.374295941096,,14.3230099501391,-7016.5113483493,-8539.69493355194,4073.92502044048,-137.272146687635,-569.86642813181,-7.75879832310185,-9.68245699575578,-1300.92769798331,,-525.233907116222,-116.364050996446,-76.0359327067345,-9.09494701772928e-13,-10.9768127566293,-13.4440208250347,-4.35833986693842,0.0,64.6575856086235,,-76.2065304497345,0.0,0.0,0.0,0.0,0.0,0.0,0.0,0.0,,0.0,-2.00775574401257,-3.01163361601886,-19.7840892824584
complex 40 - minimized,-104.731799164204,-80.3359909642095,17.4232665044428,-9.90085261169324,-13.3352880985334,-4.43231244080431,0.0,58.2046676852756,,-72.3552892386936,15.9470583273925,-2.87699494263229,17.4232665044413,0.0,-0.208263994561766,0.0,0.0,-0.00408864899952732,,1.61313940914522,-236.97306240138,-74.7279849266723,20.6539057195378,0.0,-2.16155400217615,0.0,0.0,-195.057906415396,,14.3204772233261,-7316.59511858413,-8759.5382045702,4175.36710919862,-154.916242397806,-595.980790894622,-16.8036760603312,-9.22319240077605,-1441.16879583739,,-514.331325621633,-236.97306240138,-74.7279849266723,20.6539057195378,0.0,-2.16155400217615,0.0,0.0,-195.057906415396,,14.3204772233261,-6974.89025701854,-8604.47422867932,4137.28993697464,-145.015389786113,-580.483948793912,-12.3713636195269,-9.22319240077605,-1304.31555710727,,-456.296513606266,-120.678857491596,-77.4589960215781,1.81898940354586e-12,-9.90085261169324,-13.1270241039716,-4.43231244080431,0.0,58.2087563342752,,-73.9684286478388,0.0,0.0,0.0,0.0,0.0,0.0,0.0,0.0,,0.0,-2.18191248258758,-3.27286872388137,-21.500200654763
complex 40 - minimized,-104.126078423685,-54.2446438980478,13.1590955082165,-8.45869313570137,-11.768921061152,-4.46451092653131,0.0,34.0821823638439,,-72.4305872743096,10.1373666498891,0.255043891257714,13.1590955082156,0.0,-0.0782658135278371,0.0,0.0,-2.39507654390559,,-0.803430392150414,-237.23734135085,-73.5117580592105,20.592767343008,0.0,-2.16113415417986,0.0,0.0,-196.483518127625,,14.3263016471578,-7318.10100177715,-8643.23122473426,4158.3290377464,-148.515466317888,-590.391353797856,-12.1495284676847,-9.28231227013558,-1494.25288677822,,-578.607267157507,-237.23734135085,-73.5117580592105,20.592767343008,0.0,-2.16113415417986,0.0,0.0,-196.483518127625,,14.3263016471578,-6976.73758200262,-8515.474822777,4124.57717489517,-140.056773182187,-576.461298582525,-7.6850175411534,-9.28231227013558,-1331.85155101444,,-520.502981530355,-114.263445073574,-54.4996877893063,9.09494701772928e-13,-8.45869313570137,-11.6906552476241,-4.46451092653131,0.0,36.4772589077495,,-71.6271568821592,0.0,0.0,0.0,0.0,0.0,0.0,0.0,0.0,,0.0,-2.16929330049343,-3.25393995074015,-21.375853345103
